row_id,y_true,y_pred,proba__Bot,proba__Brute Force,proba__DoS/DDoS,proba__Normal,proba__Web Attack
0,Normal,Normal,0.0,0.0,0.0635758388263286,0.9364241611736714,0.0
1,Brute Force,Brute Force,0.0,0.5342186930340829,0.03902844544260493,0.3074398292003975,0.11931303232291482
2,Normal,Normal,0.0,0.0,0.0,1.0,0.0
3,Brute Force,Brute Force,0.0,1.0,0.0,0.0,0.0
4,Web Attack,Web Attack,0.0,0.03791815141116791,0.00020865712987033568,0.0021167582820365697,0.9597564331769253
5,DoS/DDoS,DoS/DDoS,0.0,0.0,0.960524187058056,0.031817585093842894,0.0076582278481012655
6,DoS/DDoS,DoS/DDoS,0.0,0.02553646885130398,0.8558926256585092,0.11292833189178751,0.005642573598399321
7,Normal,Normal,0.14619684623773457,0.018204833882232346,0.03475819966328861,0.748030985938085,0.0528091342786594
8,Normal,Normal,0.0,0.05416311324597831,0.16766630015959358,0.7696494051310505,0.008521181463377665
9,Bot,Bot,1.0,0.0,0.0,0.0,0.0
10,DoS/DDoS,DoS/DDoS,0.0,0.0,0.9927977762798551,0.007202223720144963,0.0
11,Web Attack,Web Attack,0.0,0.031515932988974635,0.00020865712987033568,0.0019817738095791494,0.9662936360715758
12,Brute Force,Brute Force,0.0,0.9985200474764753,0.0,0.0014799525235248245,0.0
13,Bot,Bot,1.0,0.0,0.0,0.0,0.0
14,DoS/DDoS,DoS/DDoS,0.0,0.0,1.0,0.0,0.0
15,Bot,Bot,1.0,0.0,0.0,0.0,0.0
16,Bot,Bot,0.963560729015972,0.0,0.0,0.03643927098402805,0.0
17,DoS/DDoS,DoS/DDoS,0.0,0.0,1.0,0.0,0.0
18,Bot,Bot,1.0,0.0,0.0,0.0,0.0
19,Web Attack,Web Attack,0.0,0.031367549068829464,0.00020865712987033568,0.0021167582820365697,0.9663070355192638
20,DoS/DDoS,DoS/DDoS,0.0,0.0,0.9949844236760125,0.0,0.00501557632398754
21,Web Attack,Web Attack,0.0,0.003628942572730996,0.006000177784481952,0.024217009238769082,0.9661538704040181
22,DoS/DDoS,DoS/DDoS,0.0,0.0,0.9884956464420975,0.011504353557902434,0.0
23,Brute Force,Brute Force,0.0,1.0,0.0,0.0,0.0
24,DoS/DDoS,DoS/DDoS,0.0,0.0,1.0,0.0,0.0
25,Bot,Bot,1.0,0.0,0.0,0.0,0.0
26,Brute Force,Brute Force,0.0,1.0,0.0,0.0,0.0
27,Bot,Bot,0.9601551678836993,0.0,0.0,0.039844832116300966,0.0
28,Brute Force,Brute Force,0.0,1.0,0.0,0.0,0.0
29,Normal,Normal,0.0,0.0,0.00954503059959882,0.9211280191112592,0.06932695028914208
30,Bot,Bot,1.0,0.0,0.0,0.0,0.0
31,Web Attack,Web Attack,0.0,0.05361328914983909,0.0005386082356341736,0.004646060325334645,0.941202042289192
32,Web Attack,Web Attack,0.0,0.12159966310601028,0.00020865712987033568,0.0018618954385323722,0.8763297843255871
33,Brute Force,Brute Force,0.0,1.0,0.0,0.0,0.0
34,Normal,Normal,0.0,0.0,0.0,1.0,0.0
35,Web Attack,Web Attack,0.0,0.028413277109822877,0.00020865712987033568,0.0019817738095791494,0.9693962919507275
36,DoS/DDoS,DoS/DDoS,0.0,0.0016781541732334938,0.8840901553710327,0.09707716411427468,0.01715452634145905
37,Brute Force,Brute Force,0.0,1.0,0.0,0.0,0.0
38,Bot,Bot,0.9467364235758862,0.0,0.0,0.05326357642411381,0.0
39,Web Attack,Web Attack,0.0,0.04174599781425399,0.00020865712987033568,0.0019817738095791494,0.9560635712462967
40,Web Attack,Web Attack,0.0,0.03434132153758758,0.00020865712987033568,0.0021167582820365697,0.9633332630505055
41,Brute Force,Web Attack,0.0,0.38778229560722344,0.0013306013943827045,0.0035964455797868,0.607290657418607
42,Web Attack,Web Attack,0.0,0.028413277109822877,0.00020865712987033568,0.0019817738095791494,0.9693962919507275
43,Brute Force,Brute Force,0.0,1.0,0.0,0.0,0.0
44,DoS/DDoS,DoS/DDoS,0.0,0.0,1.0,0.0,0.0
45,Bot,Bot,0.747474198355551,0.0,0.0,0.25252580164444915,0.0
46,Bot,Bot,1.0,0.0,0.0,0.0,0.0
47,DoS/DDoS,DoS/DDoS,0.0,0.0,1.0,0.0,0.0
48,Brute Force,Brute Force,0.0,0.9985200474764753,0.0,0.0014799525235248245,0.0
49,Web Attack,Web Attack,0.0,0.3811775779517553,0.0013306013943827045,0.0035964455797868,0.6138953750740752
50,Normal,Normal,0.0,0.0,0.0,1.0,0.0
51,Web Attack,Web Attack,0.0,0.07241815258018519,0.00020865712987033568,0.0021167582820365697,0.925256432007908
52,Normal,Normal,0.0,0.08524806079760525,0.0,0.889119480902876,0.02563245829951867
53,Brute Force,Brute Force,0.0,0.9985200474764753,0.0,0.0014799525235248245,0.0
54,DoS/DDoS,DoS/DDoS,0.0,0.0,0.9975635593220339,0.0024364406779661014,0.0
55,Brute Force,Brute Force,0.0,1.0,0.0,0.0,0.0
56,DoS/DDoS,DoS/DDoS,0.0,0.0,0.9898645039926215,0.010135496007378371,0.0
57,Brute Force,Brute Force,0.0,1.0,0.0,0.0,0.0
58,Brute Force,Brute Force,0.0,1.0,0.0,0.0,0.0
59,Brute Force,Brute Force,0.0,0.98,0.0,0.02,0.0
60,Web Attack,Web Attack,0.0,0.031515932988974635,0.00020865712987033568,0.0019817738095791494,0.9662936360715758
61,Web Attack,Web Attack,0.0,0.051862123904954115,0.00020865712987033568,0.0020259433278995652,0.9459032756372759
62,DoS/DDoS,DoS/DDoS,0.0,0.0023930269413629164,0.9472923726238218,0.04270762737617831,0.007606973058637085
63,Brute Force,Web Attack,0.0,0.24606378299370832,0.0001852669990174685,0.0028079682135316564,0.7509429817937423
64,DoS/DDoS,DoS/DDoS,0.0,0.0,1.0,0.0,0.0
65,DoS/DDoS,DoS/DDoS,0.0,0.0,1.0,0.0,0.0
66,Web Attack,Web Attack,0.0,0.16564880448925517,0.02053860823563418,0.14414041382839715,0.6696721734467136
67,Normal,Normal,0.0,0.0,0.0,1.0,0.0
68,Bot,Bot,1.0,0.0,0.0,0.0,0.0
69,Bot,Bot,0.8611223040355859,0.0,0.0,0.13887769596441407,0.0
70,Normal,Normal,0.0,0.0,0.0,1.0,0.0
71,Normal,Normal,0.0,0.1037801070324446,0.0536922273960544,0.49870881184729,0.3438188537242109
72,Normal,Normal,0.018124387244237917,0.0,0.007572347266881029,0.969406785157618,0.00489648033126294
73,Bot,Bot,0.9759553523507324,0.0,0.0,0.024044647649267642,0.0
74,Web Attack,Web Attack,0.0,0.003628942572730996,0.006000177784481952,0.024217009238769082,0.9661538704040181
75,DoS/DDoS,DoS/DDoS,0.0,0.0,0.8856069173757274,0.1113964496276397,0.002996632996632997
76,Bot,Bot,1.0,0.0,0.0,0.0,0.0
77,Normal,Normal,0.0,0.005353430353430353,0.01,0.9846465696465697,0.0
78,Brute Force,Brute Force,0.0,1.0,0.0,0.0,0.0
79,Brute Force,Brute Force,0.0,1.0,0.0,0.0,0.0
80,Bot,Bot,1.0,0.0,0.0,0.0,0.0
81,Brute Force,Brute Force,0.0,0.9985200474764753,0.0,0.0014799525235248245,0.0
82,DoS/DDoS,DoS/DDoS,0.0,0.0,0.9800994251054413,0.01648594074821721,0.003414634146341463
83,Normal,Normal,0.01,0.03869482980842323,0.01814482952203012,0.9196562703662055,0.013504070303341258
84,Web Attack,Web Attack,0.0,0.04237091506252285,0.00020865712987033568,0.007269931148557356,0.9501504966590495
85,Brute Force,Brute Force,0.0,1.0,0.0,0.0,0.0
86,Bot,Bot,0.99,0.0,0.0,0.01,0.0
87,Bot,Bot,0.9670219983254679,0.0,0.0,0.032978001674532256,0.0
88,DoS/DDoS,DoS/DDoS,0.0,0.0,1.0,0.0,0.0
89,Web Attack,Web Attack,0.0,0.2786838904334713,0.00020865712987033568,0.006993799557920364,0.714113652878738
90,Bot,Bot,1.0,0.0,0.0,0.0,0.0
91,Web Attack,Web Attack,0.0,0.031555606359001856,0.0,0.03502677781683029,0.9334176158241679
92,Brute Force,Brute Force,0.0,1.0,0.0,0.0,0.0
93,Bot,Bot,0.9435171765955915,0.0,0.0,0.05648282340440832,0.0
94,Brute Force,Brute Force,0.0,0.9985200474764753,0.0,0.0014799525235248245,0.0
95,DoS/DDoS,DoS/DDoS,0.0,0.0,1.0,0.0,0.0
96,Brute Force,Web Attack,0.0,0.046459556508455194,0.00020865712987033568,0.0020259433278995652,0.9513058430337751
97,Bot,Bot,1.0,0.0,0.0,0.0,0.0
98,Bot,Bot,1.0,0.0,0.0,0.0,0.0
99,Web Attack,Web Attack,0.0,0.04163590505617304,0.00020865712987033568,0.0020259433278995652,0.9561294944860572
100,DoS/DDoS,DoS/DDoS,0.0,0.0,1.0,0.0,0.0
101,Bot,Bot,1.0,0.0,0.0,0.0,0.0
102,DoS/DDoS,DoS/DDoS,0.0,0.027562240663900416,0.8216579684459252,0.08777830457561359,0.06300148631456089
103,Normal,Normal,0.0,0.0,0.0,1.0,0.0
104,Bot,Bot,0.8781507382315255,0.0,0.0,0.1218492617684745,0.0
105,Brute Force,Brute Force,0.0,1.0,0.0,0.0,0.0
106,Brute Force,Brute Force,0.0,1.0,0.0,0.0,0.0
107,DoS/DDoS,DoS/DDoS,0.0,0.0,1.0,0.0,0.0
108,Web Attack,Web Attack,0.0,0.03832272524896124,0.00020865712987033568,0.0021167582820365697,0.9593518593391319
109,Normal,Normal,0.01,0.046662059433310296,0.0,0.862304480632586,0.08103345993410364
110,DoS/DDoS,DoS/DDoS,0.0,0.0,0.994846235418876,0.005153764581124073,0.0
111,DoS/DDoS,DoS/DDoS,0.0,0.0,0.99,0.01,0.0
112,Web Attack,Web Attack,0.0,0.028413277109822877,0.00020865712987033568,0.0019817738095791494,0.9693962919507275
113,Web Attack,Web Attack,0.0,0.037580818184159016,0.00020865712987033568,0.0021167582820365697,0.9600937664039342
114,Normal,Normal,0.0,0.0,0.0,1.0,0.0
115,Brute Force,Brute Force,0.0,0.9985200474764753,0.0,0.0014799525235248245,0.0
116,Web Attack,Web Attack,0.0,0.2934741681137179,0.00020865712987033568,0.002090348495892722,0.7042268262605188
117,Bot,Bot,0.8352177211566492,0.0,0.0,0.16478227884335098,0.0
118,DoS/DDoS,DoS/DDoS,0.0,0.0,1.0,0.0,0.0
119,Brute Force,Brute Force,0.0,0.9985200474764753,0.0,0.0014799525235248245,0.0
120,DoS/DDoS,DoS/DDoS,0.0,0.0,1.0,0.0,0.0
121,Bot,Bot,1.0,0.0,0.0,0.0,0.0
122,Brute Force,Brute Force,0.0,1.0,0.0,0.0,0.0
123,Web Attack,Web Attack,0.0,0.028413277109822877,0.00020865712987033568,0.0019817738095791494,0.9693962919507275
124,Bot,Bot,1.0,0.0,0.0,0.0,0.0
125,Normal,Normal,0.0,0.024185320817120173,0.01,0.9591799322608552,0.006634746922024624
126,Normal,Normal,0.0,0.0,0.0,1.0,0.0
127,Brute Force,Brute Force,0.0,1.0,0.0,0.0,0.0
128,Brute Force,Brute Force,0.0,1.0,0.0,0.0,0.0
129,DoS/DDoS,DoS/DDoS,0.0,0.0,1.0,0.0,0.0
130,Normal,Normal,0.0,0.0,0.0,1.0,0.0
131,Normal,Normal,0.0,0.0,0.0,1.0,0.0
132,Normal,Normal,0.0,0.12212583478591306,0.019841402337197132,0.4557359431026509,0.4022968197742388
133,Web Attack,Web Attack,0.0,0.06720581978025515,0.00020865712987033568,0.028948666095487584,0.903636856994387
134,Bot,Bot,0.9682219354082041,0.0,0.0,0.03177806459179605,0.0
135,Normal,Normal,0.0,0.0,0.3037267636107544,0.633792687765464,0.06248054862378163
136,Brute Force,Brute Force,0.0,0.9826797223768154,0.0,0.010204590158730965,0.0071156874644534695
137,Brute Force,Brute Force,0.0,0.9917535396480204,0.0,0.008246460351979555,0.0
138,Web Attack,Web Attack,0.0,0.11448651046480307,0.00020865712987033568,0.0019224979636167563,0.88338233444171
139,Web Attack,Web Attack,0.0,0.4056870398718869,0.00020865712987033568,0.0029769259254524365,0.5911273770727903
140,Normal,Normal,0.09350863849395698,0.028552674396154533,0.0070751939234598,0.8708634931864286,0.0
141,DoS/DDoS,DoS/DDoS,0.0,0.0,0.9190022725770944,0.014947257383966244,0.06605047003893941
142,Bot,Bot,0.9548296767557355,0.0,0.0,0.04517032324426453,0.0
143,Web Attack,Web Attack,0.0,0.12163822424129464,0.00020865712987033568,0.0021167582820365697,0.8760363603467985
144,DoS/DDoS,DoS/DDoS,0.0,0.0,0.9949844236760125,0.0,0.00501557632398754
145,Web Attack,Web Attack,0.0,0.035910005570120716,0.00020865712987033568,0.0021167582820365697,0.9617645790179723
146,DoS/DDoS,DoS/DDoS,0.0,0.0,0.9688308135144095,0.023510958637489372,0.0076582278481012655
147,DoS/DDoS,DoS/DDoS,0.0,0.0,1.0,0.0,0.0
148,Bot,Bot,0.9649414926700239,0.0,0.0,0.03505850732997619,0.0
149,Brute Force,Web Attack,0.0,0.0881821387226908,0.0001852669990174685,0.0028079682135316564,0.90882462606476
150,Brute Force,Brute Force,0.0,1.0,0.0,0.0,0.0
151,Web Attack,Web Attack,0.0,0.06295162263429754,0.00020865712987033568,0.00438311174718871,0.9324566084886433
152,Web Attack,Web Attack,0.0,0.028413277109822877,0.00020865712987033568,0.0019817738095791494,0.9693962919507275
153,Normal,Normal,0.0,0.11649526068456073,0.0,0.8349508701987404,0.04855386911669898
154,DoS/DDoS,DoS/DDoS,0.0,0.0,0.9911733919647722,0.008826608035227801,0.0
155,Bot,Bot,0.956111842533122,0.0,0.0,0.04388815746687826,0.0
156,Normal,Normal,0.0,0.0,0.0024644549763033177,0.9975355450236967,0.0
157,DoS/DDoS,DoS/DDoS,0.0,0.0,0.9906411303155473,0.009358869684452722,0.0
158,Brute Force,Brute Force,0.0,1.0,0.0,0.0,0.0
159,Web Attack,Web Attack,0.0,0.07762608263314266,0.0005386082356341736,0.004646060325334645,0.9171892488058885
160,DoS/DDoS,DoS/DDoS,0.0,0.0,1.0,0.0,0.0
161,Bot,Bot,1.0,0.0,0.0,0.0,0.0
162,Brute Force,Brute Force,0.0,0.9985200474764753,0.0,0.0014799525235248245,0.0
163,Brute Force,Brute Force,0.0,1.0,0.0,0.0,0.0
164,Web Attack,Web Attack,0.0,0.15378490547160742,0.00020865712987033568,0.0020259433278995652,0.8439804940706225
165,Web Attack,Web Attack,0.0,0.03216801687071672,0.0001852669990174685,0.0027622849767754403,0.9648844311534904
166,Web Attack,Web Attack,0.0,0.03702877167284328,0.00020865712987033568,0.0020259433278995652,0.9607366278693867
167,Bot,Bot,0.9607910209327346,0.0,0.0,0.039208979067265594,0.0
168,Normal,Normal,0.0,0.02034821882710517,0.0,0.8829698063346172,0.09668197483827783
169,DoS/DDoS,DoS/DDoS,0.0,0.0,1.0,0.0,0.0
170,Brute Force,Brute Force,0.0,0.9985200474764753,0.0,0.0014799525235248245,0.0
171,Normal,Normal,0.0,0.0,0.0,1.0,0.0
172,Bot,Bot,1.0,0.0,0.0,0.0,0.0
173,Bot,Bot,0.963560729015972,0.0,0.0,0.03643927098402805,0.0
174,Normal,Normal,0.0,0.0,0.0,1.0,0.0
175,Bot,Bot,1.0,0.0,0.0,0.0,0.0
176,DoS/DDoS,DoS/DDoS,0.0,0.00204866338678726,0.9684176245384956,0.011972615036937423,0.01756109703777963
177,Brute Force,Brute Force,0.0,1.0,0.0,0.0,0.0
178,Brute Force,Brute Force,0.0,0.9985200474764753,0.0,0.0014799525235248245,0.0
179,Bot,Bot,1.0,0.0,0.0,0.0,0.0
180,Bot,Bot,0.9682219354082041,0.0,0.0,0.03177806459179605,0.0
181,Web Attack,Web Attack,0.0,0.028413277109822877,0.00020865712987033568,0.0019817738095791494,0.9693962919507275
182,DoS/DDoS,DoS/DDoS,0.0,0.0,1.0,0.0,0.0
183,Web Attack,Web Attack,0.0,0.2716666520143174,0.00020865712987033568,0.0029769259254524365,0.7251477649303597
184,Web Attack,Web Attack,0.0,0.032077793383546674,0.0001852669990174685,0.036039701861257024,0.9316972377561789
185,Brute Force,Brute Force,0.0,1.0,0.0,0.0,0.0
186,Brute Force,Brute Force,0.0,1.0,0.0,0.0,0.0
187,Bot,Bot,1.0,0.0,0.0,0.0,0.0
188,Normal,Normal,0.0,0.0,0.0,1.0,0.0
189,Bot,Bot,1.0,0.0,0.0,0.0,0.0
190,DoS/DDoS,DoS/DDoS,0.0,0.0,1.0,0.0,0.0
191,Normal,Normal,0.0,0.028395246949201855,0.0,0.9014288231727179,0.07017592987808045
192,DoS/DDoS,DoS/DDoS,0.01,0.0,0.9147971374668356,0.0631242581005991,0.012078604432565341
193,Normal,Normal,0.0,0.0,0.0,1.0,0.0
194,Web Attack,Web Attack,0.0,0.030979375900963828,0.00020865712987033568,0.0021167582820365697,0.9666952086871292
195,DoS/DDoS,DoS/DDoS,0.0,0.0,1.0,0.0,0.0
196,DoS/DDoS,DoS/DDoS,0.0,0.0,1.0,0.0,0.0
197,Normal,Normal,0.0,0.0,0.0,1.0,0.0
198,Web Attack,Web Attack,0.0,0.014390835344567667,0.0,0.02171875449383351,0.9638904101615988
199,DoS/DDoS,DoS/DDoS,0.0,0.0,1.0,0.0,0.0
200,Brute Force,Brute Force,0.0,1.0,0.0,0.0,0.0
201,DoS/DDoS,DoS/DDoS,0.0,0.0,0.9756583614903479,0.024341638509651924,0.0
202,Web Attack,Web Attack,0.0,0.025833155543082395,0.0001852669990174685,0.0027622849767754403,0.9712192924811248
203,Brute Force,Brute Force,0.0,1.0,0.0,0.0,0.0
204,Brute Force,Brute Force,0.0,0.9985200474764753,0.0,0.0014799525235248245,0.0
205,Normal,Normal,0.0,0.0,0.013198040587823652,0.9868019594121763,0.0
206,Normal,Normal,0.0,0.004014993752603083,0.06830799927006871,0.9276770069773282,0.0
207,Web Attack,Web Attack,0.0,0.03189714408440578,0.00020865712987033568,0.0021167582820365697,0.9657774405036874
208,DoS/DDoS,DoS/DDoS,0.0,0.0,0.9865718349928876,0.013428165007112376,0.0
209,Web Attack,Web Attack,0.0,0.09714848311590586,0.00020865712987033568,0.0021167582820365697,0.9005261014721873
210,DoS/DDoS,DoS/DDoS,0.0,0.0,0.99,0.003353159851301115,0.006646840148698885
211,Web Attack,Web Attack,0.0,0.134525891097069,0.00020865712987033568,0.0021167582820365697,0.8631486934910242
212,Normal,Normal,0.03325418994413407,0.025010460251046026,0.009738350304031734,0.9319969995007882,0.0
213,Web Attack,Web Attack,0.0,0.3692619005483777,0.0013306013943827045,0.013560107816465073,0.6158473902407746
214,DoS/DDoS,DoS/DDoS,0.0,0.0,1.0,0.0,0.0
215,DoS/DDoS,DoS/DDoS,0.0,0.007332895428118341,0.9590177469793407,0.026042384533903964,0.007606973058637085
216,DoS/DDoS,DoS/DDoS,0.0,0.0,1.0,0.0,0.0
217,Bot,Bot,1.0,0.0,0.0,0.0,0.0
218,Bot,Bot,1.0,0.0,0.0,0.0,0.0
219,Normal,Normal,0.0,0.0,0.0,1.0,0.0
220,Web Attack,DoS/DDoS,0.0,0.040280100764281845,0.3816672222835947,0.2963527037390412,0.2816999732130822
221,Web Attack,Web Attack,0.0,0.050523363524416484,0.0005386082356341736,0.004646060325334645,0.9442919679146148
222,Normal,DoS/DDoS,0.01,0.21968731822989032,0.37688511916017364,0.33822587150471844,0.05520169110521761
223,Bot,Bot,0.9303783056464435,0.0,0.0,0.0696216943535566,0.0
224,DoS/DDoS,DoS/DDoS,0.0,0.0,1.0,0.0,0.0
225,Brute Force,Brute Force,0.0,0.9832345130992259,0.0,0.016765486900774083,0.0
226,Bot,Bot,1.0,0.0,0.0,0.0,0.0
227,Brute Force,Brute Force,0.0,1.0,0.0,0.0,0.0
228,Brute Force,Brute Force,0.0,0.8936935106369552,0.01351156069364162,0.0827949286694032,0.01
229,Brute Force,Brute Force,0.0,0.9882985924904145,0.0,0.011701407509585576,0.0
230,Normal,Normal,0.0,0.0,0.0,1.0,0.0
231,Brute Force,Brute Force,0.0,1.0,0.0,0.0,0.0
232,Brute Force,Brute Force,0.0,0.9985200474764753,0.0,0.0014799525235248245,0.0
233,DoS/DDoS,DoS/DDoS,0.0,0.0,1.0,0.0,0.0
234,Web Attack,Web Attack,0.0,0.06615190655319166,0.00020865712987033568,0.0021167582820365697,0.9315226780349015
235,DoS/DDoS,DoS/DDoS,0.0,0.0,1.0,0.0,0.0
236,DoS/DDoS,DoS/DDoS,0.0,0.0,1.0,0.0,0.0
237,Brute Force,Brute Force,0.0,1.0,0.0,0.0,0.0
238,Brute Force,Brute Force,0.0,0.9985200474764753,0.0,0.0014799525235248245,0.0
239,Brute Force,Brute Force,0.0,1.0,0.0,0.0,0.0
240,Brute Force,Brute Force,0.0,0.9985200474764753,0.0,0.0014799525235248245,0.0
241,Brute Force,Brute Force,0.0,1.0,0.0,0.0,0.0
242,Web Attack,Web Attack,0.0,0.38188863045486093,0.000809681453818344,0.2068466417999789,0.41045504629134166
243,Normal,Normal,0.10411695740670199,0.023547493049004276,0.0070751939234598,0.8652603556208339,0.0
244,Normal,Normal,0.0,0.0,0.0,1.0,0.0
245,DoS/DDoS,DoS/DDoS,0.0,0.0,1.0,0.0,0.0
246,Normal,Normal,0.0,0.0,0.004936708860759494,0.9950632911392405,0.0
247,Web Attack,Web Attack,0.0,0.028413277109822877,0.00020865712987033568,0.0019817738095791494,0.9693962919507275
248,DoS/DDoS,DoS/DDoS,0.0,0.0,1.0,0.0,0.0
249,Bot,Bot,1.0,0.0,0.0,0.0,0.0
250,Bot,Bot,1.0,0.0,0.0,0.0,0.0
251,DoS/DDoS,DoS/DDoS,0.0,0.0,1.0,0.0,0.0
252,Normal,Normal,0.01,0.03510460251046025,0.021430013266165105,0.9334653842233746,0.0
253,Normal,Normal,0.0,0.02411231673957437,0.03241435562805873,0.8968585310416798,0.04661479659068723
254,Web Attack,Web Attack,0.0,0.027367479364935426,0.00020865712987033568,0.0019224979636167563,0.9705013655415776
255,Brute Force,Brute Force,0.0,0.8741292653968938,0.007107076940640876,0.10409875428561095,0.01466490337685445
256,Brute Force,Brute Force,0.0,0.9947858672376872,0.0,0.005214132762312633,0.0
257,Brute Force,Brute Force,0.0,1.0,0.0,0.0,0.0
258,Web Attack,Web Attack,0.0,0.022023555070883317,0.0,0.033171991469464056,0.9448044534596525
259,Bot,Bot,0.9435171765955915,0.0,0.0,0.05648282340440832,0.0
260,Bot,Bot,0.9915333483059148,0.0,0.0,0.008466651694085206,0.0
261,Normal,Normal,0.0,0.040776777424684454,0.3516269441729474,0.5841625365696881,0.023433741832679867
262,DoS/DDoS,DoS/DDoS,0.00785934065934066,0.0,0.9622565235079502,0.02988413583270913,0.0
263,Bot,Bot,1.0,0.0,0.0,0.0,0.0
264,Bot,Bot,1.0,0.0,0.0,0.0,0.0
265,Bot,Bot,0.9670219983254679,0.0,0.0,0.032978001674532256,0.0
266,Brute Force,Brute Force,0.0,0.9934785766158315,0.0,0.006521423384168482,0.0
267,DoS/DDoS,DoS/DDoS,0.0,0.0,1.0,0.0,0.0
268,Web Attack,Web Attack,0.0,0.029867845970758734,0.0001852669990174685,0.00757749089018621,0.9623693961400376
269,Brute Force,Brute Force,0.0,0.9985200474764753,0.0,0.0014799525235248245,0.0
270,DoS/DDoS,DoS/DDoS,0.0,0.0,0.99,0.01,0.0
271,Bot,Bot,1.0,0.0,0.0,0.0,0.0
272,Bot,Bot,0.9501246018054013,0.0,0.0,0.04987539819459865,0.0
273,Web Attack,Web Attack,0.0,0.028413277109822877,0.00020865712987033568,0.0019817738095791494,0.9693962919507275
274,Bot,Bot,0.9596059570505001,0.0,0.0,0.0403940429494999,0.0
275,Normal,Normal,0.0,0.06128028419276365,0.0,0.9380688855032361,0.0006508303040002441
276,Normal,Normal,0.0,0.008549482243389037,0.12002170564841498,0.8414182610660066,0.030010551042189547
277,DoS/DDoS,DoS/DDoS,0.0,0.004883227176220807,0.9609021268156883,0.03421464600809103,0.0
278,DoS/DDoS,DoS/DDoS,0.0,0.0,0.99,0.01,0.0
279,Bot,Bot,1.0,0.0,0.0,0.0,0.0
280,Normal,Normal,0.0,0.01,0.0,0.99,0.0
281,Brute Force,Brute Force,0.0,0.9985200474764753,0.0,0.0014799525235248245,0.0
282,DoS/DDoS,DoS/DDoS,0.01,0.0,0.8526871057879153,0.12523428977951953,0.012078604432565341
283,Brute Force,Brute Force,0.0,0.9985200474764753,0.0,0.0014799525235248245,0.0
284,Web Attack,Web Attack,0.0,0.0556474059382978,0.00020865712987033568,0.002206960933351833,0.9419369759984799
285,DoS/DDoS,DoS/DDoS,0.0,0.0,1.0,0.0,0.0
286,Normal,Normal,0.0,0.0,0.0,1.0,0.0
287,DoS/DDoS,DoS/DDoS,0.0,0.0,0.994846235418876,0.005153764581124073,0.0
288,Normal,Normal,0.0,0.0,0.0,1.0,0.0
289,Normal,Normal,0.0,0.04902714048584607,0.0,0.9188379291334061,0.03213493038074775
290,Brute Force,Normal,0.03,0.3188583486364331,0.0,0.6303692913683524,0.020772359995214523
291,Normal,Normal,0.0,0.0,0.011652753342716397,0.9483472466572835,0.04
292,Normal,Normal,0.0,0.0,0.0,1.0,0.0
293,Bot,Bot,0.9547631310052875,0.0,0.0,0.04523686899471246,0.0
294,Web Attack,Web Attack,0.013477557797966493,0.023600104261994083,0.24794751942751747,0.31384587537817654,0.4011289431343454
295,Brute Force,Brute Force,0.0,1.0,0.0,0.0,0.0
296,Bot,Bot,1.0,0.0,0.0,0.0,0.0
297,Brute Force,Brute Force,0.0,0.9985200474764753,0.0,0.0014799525235248245,0.0
298,Web Attack,Web Attack,0.0,0.2166249392448698,0.00020865712987033568,0.002267454160825121,0.7808989494644346
299,Normal,Normal,0.0,0.0,0.0,1.0,0.0
300,Bot,Bot,1.0,0.0,0.0,0.0,0.0
301,Bot,Bot,1.0,0.0,0.0,0.0,0.0
302,Web Attack,Web Attack,0.0,0.02903923895005875,0.00020865712987033568,0.0020259433278995652,0.9687261605921713
303,Normal,Normal,0.09907835964597528,0.0,0.01910494853864247,0.8818166918153821,0.0
304,Bot,Bot,1.0,0.0,0.0,0.0,0.0
305,Normal,Normal,0.0,0.0,0.0,1.0,0.0
306,DoS/DDoS,DoS/DDoS,0.0,0.0,1.0,0.0,0.0
307,Normal,Normal,0.0,0.053298727815097674,0.11904536155864143,0.8041570008778054,0.023498909748455615
308,DoS/DDoS,DoS/DDoS,0.0,0.0,1.0,0.0,0.0
309,Normal,Normal,0.0,0.0,0.0,1.0,0.0
310,DoS/DDoS,DoS/DDoS,0.0,0.0,1.0,0.0,0.0
311,DoS/DDoS,DoS/DDoS,0.0,0.0,1.0,0.0,0.0
312,Web Attack,Web Attack,0.0,0.028413277109822877,0.00020865712987033568,0.0019817738095791494,0.9693962919507275
313,Brute Force,Brute Force,0.0,0.9985200474764753,0.0,0.0014799525235248245,0.0
314,Bot,Bot,1.0,0.0,0.0,0.0,0.0
315,Normal,Normal,0.0,0.0,0.0,1.0,0.0
316,DoS/DDoS,DoS/DDoS,0.0,0.0,1.0,0.0,0.0
317,Web Attack,Brute Force,0.0,0.551481214750554,0.0013306013943827045,0.0035964455797868,0.4435917382752763
318,Web Attack,Web Attack,0.0,0.1194138468195241,0.00020865712987033568,0.0020259433278995652,0.8783515527227062
319,Web Attack,Web Attack,0.0,0.23333509958543455,0.00020865712987033568,0.002267454160825121,0.7641887891238699
320,DoS/DDoS,DoS/DDoS,0.0,0.0,1.0,0.0,0.0
321,Bot,Bot,1.0,0.0,0.0,0.0,0.0
322,Web Attack,Web Attack,0.0,0.04029230546387513,0.00020865712987033568,0.002206960933351833,0.9572920764729025
323,DoS/DDoS,DoS/DDoS,0.0,0.0,1.0,0.0,0.0
324,Web Attack,Web Attack,0.0,0.03108282572689734,0.00020865712987033568,0.0020259433278995652,0.9666825738153328
325,Bot,Bot,1.0,0.0,0.0,0.0,0.0
326,Normal,Normal,0.0,0.003276231263383298,0.02164222629277902,0.9209688042765339,0.05411273816730413
327,Bot,Bot,1.0,0.0,0.0,0.0,0.0
328,Web Attack,Web Attack,0.0,0.06670075414937558,0.1745489479471305,0.13314802969503026,0.6256022682084637
329,Brute Force,Brute Force,0.0,0.9985200474764753,0.0,0.0014799525235248245,0.0
330,DoS/DDoS,DoS/DDoS,0.0,0.0,1.0,0.0,0.0
331,Bot,Bot,1.0,0.0,0.0,0.0,0.0
332,Brute Force,Brute Force,0.0,1.0,0.0,0.0,0.0
333,Normal,Normal,0.01,0.0,0.046946761584396375,0.9430532384156036,0.0
334,DoS/DDoS,DoS/DDoS,0.0,0.0,0.9976819824470832,0.002318017552916882,0.0
335,Normal,Normal,0.015160220994475138,0.0,0.020600589948970988,0.964239189056554,0.0
336,Bot,Bot,0.9555024840054459,0.0,0.0,0.04449751599455414,0.0
337,Bot,Bot,1.0,0.0,0.0,0.0,0.0
338,Normal,Normal,0.41632403472940893,0.0,0.001374001149791757,0.5823019641207994,0.0
339,Web Attack,Web Attack,0.0,0.17208145925667137,0.00020865712987033568,0.0020259433278995652,0.8256839402855587
340,Bot,Bot,0.9584691717616195,0.0,0.0,0.04153082823838068,0.0
341,Bot,Bot,1.0,0.0,0.0,0.0,0.0
342,Bot,Bot,1.0,0.0,0.0,0.0,0.0
343,Brute Force,Brute Force,0.0,1.0,0.0,0.0,0.0
344,Bot,Bot,0.9594070906420575,0.0,0.0,0.04059290935794256,0.0
345,Web Attack,Brute Force,0.0,0.6390127550639911,0.0013306013943827045,0.021896119610210478,0.3377605239314157
346,Web Attack,Web Attack,0.0,0.24494616645496195,0.00020865712987033568,0.006993799557920364,0.7478513768572472
347,Web Attack,Web Attack,0.0,0.033248820723490884,0.00020865712987033568,0.0019224979636167563,0.9646200241830222
348,Web Attack,Web Attack,0.0,0.19314620193968643,0.0005386082356341736,0.005816866833835083,0.8004983229908441
349,Brute Force,Brute Force,0.0,0.99,0.0,0.01,0.0
350,DoS/DDoS,DoS/DDoS,0.0,0.0,1.0,0.0,0.0
351,DoS/DDoS,DoS/DDoS,0.0,0.0,1.0,0.0,0.0
352,Brute Force,Brute Force,0.0,0.9985200474764753,0.0,0.0014799525235248245,0.0
353,Web Attack,Web Attack,0.0,0.1018928457900562,0.00020865712987033568,0.0020259433278995652,0.895872553752174
354,DoS/DDoS,DoS/DDoS,0.0,0.0,1.0,0.0,0.0
355,Normal,Normal,0.01,0.0,0.0031980405878236527,0.9868019594121763,0.0
356,DoS/DDoS,DoS/DDoS,0.0,0.0,1.0,0.0,0.0
357,Web Attack,Web Attack,0.0,0.09919286505512157,0.00020865712987033568,0.00438311174718871,0.8962153660678193
358,Bot,Bot,0.9531087098931715,0.0,0.003379310344827586,0.043511979762000885,0.0
359,Brute Force,Brute Force,0.0,1.0,0.0,0.0,0.0
360,Normal,Normal,0.04,0.06560636994173194,0.04151240414133176,0.7985632753597356,0.05431795055720062
361,Normal,Normal,0.0,0.053527381634432124,0.07466375713907475,0.7272582230987082,0.14455063812778482
362,Brute Force,Web Attack,0.0,0.09117361190951902,0.00020865712987033568,0.007653769443990131,0.9009639615166205
363,DoS/DDoS,DoS/DDoS,0.0,0.0,1.0,0.0,0.0
364,Normal,Normal,0.0,0.0,0.0,1.0,0.0
365,DoS/DDoS,DoS/DDoS,0.0,0.0,0.995295358649789,0.00470464135021097,0.0
366,Normal,Normal,0.04647014361300075,0.19281117305809828,0.0,0.7424024765757519,0.01831620675314919
367,Brute Force,Brute Force,0.0,1.0,0.0,0.0,0.0
368,DoS/DDoS,DoS/DDoS,0.0,0.0,1.0,0.0,0.0
369,Web Attack,Web Attack,0.0,0.10131884653956598,0.033624364148582185,0.12308884765696687,0.741967941654885
370,DoS/DDoS,DoS/DDoS,0.0,0.0,1.0,0.0,0.0
371,Normal,Normal,0.0,0.01869375829525217,0.018578686458479203,0.950552332756658,0.012175222489610645
372,Bot,Bot,1.0,0.0,0.0,0.0,0.0
373,Normal,Normal,0.0,0.0,0.0,1.0,0.0
374,Normal,Web Attack,0.0,0.1257170464820425,0.006810404773155436,0.3051663475979406,0.5623062011468615
375,Normal,Normal,0.0,0.0,0.0,1.0,0.0
376,Bot,Bot,0.9690369236986021,0.0,0.0,0.030963076301397927,0.0
377,Normal,Bot,0.5417521042335331,0.0,0.0,0.45824789576646685,0.0
378,Brute Force,Brute Force,0.0,0.4478303897345162,0.019656929480314955,0.1838294181840102,0.3486832626011588
379,Normal,Normal,0.0,0.0,0.0,1.0,0.0
380,Normal,Normal,0.0,0.0,0.0,1.0,0.0
381,Web Attack,Brute Force,0.0,0.4304410182435945,0.000809681453818344,0.1786100577093051,0.3901392425932819
382,Web Attack,Web Attack,0.0,0.14142668167189343,0.0001852669990174685,0.008005285543524589,0.8503827657855646
383,DoS/DDoS,DoS/DDoS,0.0,0.0,0.9825479829980464,0.0024364406779661014,0.01501557632398754
384,Normal,Normal,0.0,0.003879186327287565,0.009523113574930133,0.9582692156791647,0.02832848441861754
385,Bot,Bot,0.9563932924675111,0.0,0.0,0.04360670753248907,0.0
386,DoS/DDoS,DoS/DDoS,0.0,0.0,1.0,0.0,0.0
387,Brute Force,Brute Force,0.0,1.0,0.0,0.0,0.0
388,Web Attack,Web Attack,0.0,0.1564179970491552,0.00020865712987033568,0.0021167582820365697,0.8412565875389382
389,Bot,Bot,0.9670219983254679,0.0,0.0,0.032978001674532256,0.0
390,Bot,Bot,1.0,0.0,0.0,0.0,0.0
391,Web Attack,Brute Force,0.0,0.7104737486500796,0.0001852669990174685,0.013489250675053167,0.27585173367585
392,DoS/DDoS,DoS/DDoS,0.0,0.0,1.0,0.0,0.0
393,Bot,Bot,0.9784053446743148,0.0,0.0,0.02159465532568508,0.0
394,Bot,Bot,0.9609788475536307,0.0,0.0,0.0390211524463695,0.0
395,DoS/DDoS,DoS/DDoS,0.01,0.0,0.9137763439574063,0.06770247457921606,0.008521181463377665
396,DoS/DDoS,DoS/DDoS,0.0,0.0,0.9927977762798551,0.007202223720144963,0.0
397,Web Attack,Web Attack,0.0,0.03108282572689734,0.00020865712987033568,0.0020259433278995652,0.9666825738153328
398,Bot,Bot,0.9362346565697635,0.0,0.0,0.06376534343023661,0.0
399,Bot,Bot,0.9818446211171876,0.0,0.0,0.018155378882812396,0.0
400,Brute Force,Web Attack,0.0,0.04682425599930644,0.00020865712987033568,0.10954380508679967,0.8434232817840236
401,Web Attack,Web Attack,0.0,0.027367479364935426,0.00020865712987033568,0.0019224979636167563,0.9705013655415776
402,Web Attack,Web Attack,0.0,0.08722640855168001,0.00020865712987033568,0.0020259433278995652,0.9105389909905504
403,Normal,Normal,0.0,0.0,0.0,1.0,0.0
404,Bot,Bot,0.9578626762332977,0.0,0.0,0.04213732376670255,0.0
405,Bot,Bot,1.0,0.0,0.0,0.0,0.0
406,DoS/DDoS,DoS/DDoS,0.0,0.0,0.994846235418876,0.005153764581124073,0.0
407,Normal,Normal,0.0521717066528783,0.023547493049004276,0.0070751939234598,0.9172056063746576,0.0
408,Web Attack,Web Attack,0.0,0.10696836504255469,0.0013306013943827045,0.0023067535234131843,0.8893942800396495
409,DoS/DDoS,DoS/DDoS,0.0,0.0,1.0,0.0,0.0
410,Brute Force,Web Attack,0.0,0.06497363191471557,0.00020865712987033568,0.0020864365553728533,0.9327312744000412
411,Bot,Bot,0.9243992074814297,0.0,0.0,0.07560079251857055,0.0
412,Brute Force,Brute Force,0.0,1.0,0.0,0.0,0.0
413,Brute Force,Brute Force,0.0,1.0,0.0,0.0,0.0
414,Brute Force,Brute Force,0.0,1.0,0.0,0.0,0.0
415,Normal,Normal,0.0,0.0,0.0,1.0,0.0
416,Web Attack,Web Attack,0.0,0.025833155543082395,0.0001852669990174685,0.0027622849767754403,0.9712192924811248
417,Brute Force,Brute Force,0.0,0.7754372572292906,0.003379920787845399,0.08860277639409593,0.13258004558876813
418,Normal,Normal,0.0,0.0,0.0,1.0,0.0
419,Bot,Bot,1.0,0.0,0.0,0.0,0.0
420,Normal,Normal,0.0,0.0,0.11471291373880678,0.8230084659113116,0.062278620349881735
421,Web Attack,Web Attack,0.0,0.05970807511160231,0.00020865712987033568,0.0020259433278995652,0.938057324430628
422,Brute Force,Brute Force,0.0,1.0,0.0,0.0,0.0
423,Normal,Normal,0.0,0.0,0.0,1.0,0.0
424,Web Attack,Web Attack,0.0,0.048003862139649106,0.0005386082356341736,0.004646060325334645,0.9468114692993821
425,Bot,Bot,0.9109365883805672,0.0,0.0,0.08906341161943289,0.0
426,Normal,Normal,0.0,0.0,0.0,1.0,0.0
427,Bot,Bot,1.0,0.0,0.0,0.0,0.0
428,Brute Force,Brute Force,0.0,1.0,0.0,0.0,0.0
429,Normal,Normal,0.0,0.0,0.0,1.0,0.0
430,Brute Force,Brute Force,0.0,1.0,0.0,0.0,0.0
431,Web Attack,Web Attack,0.0,0.08104465368959836,0.00020865712987033568,0.004569419886373808,0.9141772692941573
432,DoS/DDoS,DoS/DDoS,0.0,0.0,1.0,0.0,0.0
433,DoS/DDoS,DoS/DDoS,0.0,0.0,0.9876819824470832,0.012318017552916883,0.0
434,DoS/DDoS,DoS/DDoS,0.0,0.0,0.7935981566291024,0.19334835950234883,0.013053483868548684
435,Normal,Normal,0.0,0.0,0.05756355932203389,0.9054812066346711,0.03695523404329492
436,Web Attack,Web Attack,0.0,0.03108282572689734,0.00020865712987033568,0.0020259433278995652,0.9666825738153328
437,Normal,Normal,0.0,0.030776777424684452,0.3086248430507615,0.6538599166618312,0.0067384628627227905
438,Web Attack,Web Attack,0.0,0.028413277109822877,0.00020865712987033568,0.0019817738095791494,0.9693962919507275
439,Bot,Bot,1.0,0.0,0.0,0.0,0.0
440,Web Attack,Web Attack,0.0,0.027367479364935426,0.00020865712987033568,0.0019224979636167563,0.9705013655415776
441,Brute Force,Brute Force,0.0,0.8277717656304753,0.007107076940640876,0.1504562540520296,0.01466490337685445
442,Brute Force,Brute Force,0.0,1.0,0.0,0.0,0.0
443,Normal,Normal,0.0,0.040776777424684454,0.3466695464844709,0.5891199342581647,0.023433741832679867
444,Normal,Normal,0.1914284442119457,0.006772413793103449,0.019786153865203878,0.782012988129747,0.0
445,DoS/DDoS,DoS/DDoS,0.0,0.0,1.0,0.0,0.0
446,DoS/DDoS,DoS/DDoS,0.0,0.0,1.0,0.0,0.0
447,Web Attack,Web Attack,0.0,0.045636278004527846,0.00020865712987033568,0.0020864365553728533,0.952068628310229
448,Brute Force,Web Attack,0.0,0.3161078513046304,0.002483646820461234,0.23031227250933095,0.45109622936557725
449,Bot,Bot,0.9649414926700239,0.0,0.0,0.03505850732997619,0.0
450,DoS/DDoS,DoS/DDoS,0.0,0.0,1.0,0.0,0.0
451,Web Attack,Web Attack,0.0,0.003628942572730996,0.006000177784481952,0.0306312949530548,0.9597395846897324
452,Normal,Normal,0.015160220994475138,0.0,0.015696613975644775,0.9691431650298802,0.0
453,Bot,Bot,0.7793594339852175,0.0,0.0,0.22064056601478257,0.0
454,Web Attack,Web Attack,0.0,0.027367479364935426,0.00020865712987033568,0.0019224979636167563,0.9705013655415776
455,Normal,Web Attack,0.0,0.08517542685751847,0.0416612484235532,0.37784720728183224,0.4953161174370962
456,Bot,Bot,0.9609949696163579,0.0,0.0,0.03900503038364209,0.0
457,Brute Force,Brute Force,0.0,1.0,0.0,0.0,0.0
458,Normal,Normal,0.0,0.0,0.0,1.0,0.0
459,DoS/DDoS,DoS/DDoS,0.0,0.0,1.0,0.0,0.0
460,Normal,Normal,0.0,0.0,0.014842767295597485,0.9701850413807095,0.014972191323692994
461,Bot,Bot,0.9412925065512442,0.0,0.0,0.058707493448756004,0.0
462,Brute Force,Web Attack,0.0,0.13252628004707526,0.00020865712987033568,0.0018618954385323722,0.865403167384522
463,Web Attack,Web Attack,0.0,0.07114015103160815,0.00020865712987033568,0.0020864365553728533,0.9265647552831489
464,Web Attack,Web Attack,0.0,0.1746413998304033,0.00020865712987033568,0.0020259433278995652,0.8231239997118267
465,Normal,Normal,0.0,0.008813684143881452,0.09504471526091539,0.8766952091132012,0.019446391482001845
466,DoS/DDoS,DoS/DDoS,0.0,0.0,0.9950259605399792,0.004974039460020768,0.0
467,Bot,Bot,0.9210453869468803,0.0,0.017064650542403016,0.061889962510716746,0.0
468,Bot,Bot,0.9628715265881784,0.0,0.0,0.03712847341182166,0.0
469,Web Attack,Web Attack,0.0,0.0,0.0,0.01161392405063291,0.9883860759493672
470,Bot,Bot,1.0,0.0,0.0,0.0,0.0
471,Brute Force,Brute Force,0.0,1.0,0.0,0.0,0.0
472,Normal,Normal,0.0,0.0,0.0,1.0,0.0
473,DoS/DDoS,DoS/DDoS,0.0,0.0,1.0,0.0,0.0
474,Web Attack,Web Attack,0.0,0.40040771113116685,0.00020865712987033568,0.012241282340872173,0.5871423493980907
475,Brute Force,Brute Force,0.0,1.0,0.0,0.0,0.0
476,Brute Force,Brute Force,0.0,0.9985200474764753,0.0,0.0014799525235248245,0.0
477,Bot,Bot,1.0,0.0,0.0,0.0,0.0
478,Web Attack,Web Attack,0.0,0.1002783972005895,0.000809681453818344,0.2706077721080464,0.6283041492375456
479,Brute Force,Brute Force,0.0,1.0,0.0,0.0,0.0
480,Normal,Normal,0.0,0.0,0.0,1.0,0.0
481,Web Attack,Web Attack,0.0,0.02903923895005875,0.00020865712987033568,0.0020259433278995652,0.9687261605921713
482,Brute Force,Brute Force,0.0,1.0,0.0,0.0,0.0
483,DoS/DDoS,DoS/DDoS,0.0,0.0,1.0,0.0,0.0
484,Bot,Bot,0.9610254441231336,0.0,0.0,0.03897455587686652,0.0
485,Normal,Normal,0.0,0.020613820663841032,0.014846235418875928,0.9511788905562297,0.01336105336105336
486,Normal,Normal,0.0,0.01174628065333111,0.014698795180722892,0.9596345053279687,0.01392041883797733
487,Bot,Bot,0.9797607411898664,0.0,0.0,0.020239258810133602,0.0
488,Normal,Normal,0.16992881526852138,0.005234360838940606,0.004421911901493435,0.814759083515345,0.005655828475699636
489,Bot,Bot,0.9674825824080457,0.0,0.0,0.03251741759195437,0.0
490,Normal,Normal,0.0,0.0,0.0,1.0,0.0
491,Brute Force,Brute Force,0.0,1.0,0.0,0.0,0.0
492,DoS/DDoS,DoS/DDoS,0.0,0.0,1.0,0.0,0.0
493,Web Attack,Web Attack,0.0,0.05199617852563383,0.00020865712987033568,0.002206960933351833,0.945588203411144
494,DoS/DDoS,DoS/DDoS,0.0,0.004883227176220807,0.9709021268156883,0.02421464600809103,0.0
495,Brute Force,Web Attack,0.0,0.034541010127087574,0.00020865712987033568,0.004286168854143913,0.960964163888898
496,Bot,Bot,1.0,0.0,0.0,0.0,0.0
497,DoS/DDoS,DoS/DDoS,0.0,0.0,1.0,0.0,0.0
498,Brute Force,Brute Force,0.0,1.0,0.0,0.0,0.0
499,Bot,Bot,0.9679610305682771,0.0,0.003379310344827586,0.0286596590868954,0.0
500,Normal,Normal,0.01,0.003276231263383298,0.006628242074927954,0.9592595714807061,0.02083595518098271
501,Brute Force,Brute Force,0.0,0.9947858672376872,0.0,0.005214132762312633,0.0
502,Web Attack,Web Attack,0.0,0.039226782563129274,0.00020865712987033568,0.0019224979636167563,0.9586420623433837
503,Web Attack,Brute Force,0.0,0.5026833380169633,0.0001852669990174685,0.0035964455797868,0.4935349494042323
504,Normal,Normal,0.0,0.0,0.0,1.0,0.0
