row_id,true_label,predicted_label,selective_label,rejected,max_probability,prob_Bot,prob_Brute Force,prob_DoS/DDoS,prob_Normal,prob_Web Attack
0,Normal,Normal,Normal,False,0.9860996058238142,9.999999999970017e-13,9.999999999970017e-13,0.013900394173185901,0.9860996058238142,9.999999999970017e-13
1,Brute Force,Brute Force,Brute Force,False,0.5669683224825142,0.001641586652268863,0.5669683224825142,0.06446852108062531,0.2058564621816919,0.16106510760289977
2,Normal,Normal,Normal,False,0.9250921165468396,9.999999999990005e-13,0.02787771129289253,0.0009405205811696354,0.9250921165468396,0.04608965157809813
3,Brute Force,Brute Force,Brute Force,False,0.9999999999959996,9.999999999960006e-13,0.9999999999959996,9.999999999960006e-13,9.999999999960006e-13,9.999999999960006e-13
4,Web Attack,Web Attack,Web Attack,False,0.943755793158793,9.999999999990007e-13,0.052367327076194035,0.00023060770177752793,0.0036462720622355586,0.943755793158793
5,DoS/DDoS,DoS/DDoS,DoS/DDoS,False,0.9999999999959999,9.999999999960008e-13,9.999999999960008e-13,0.9999999999959999,9.999999999960008e-13,9.999999999960008e-13
6,DoS/DDoS,DoS/DDoS,DoS/DDoS,False,0.9999999999959999,9.999999999960008e-13,9.999999999960008e-13,0.9999999999959999,9.999999999960008e-13,9.999999999960008e-13
7,Normal,Normal,Normal,False,0.5345230900674903,9.999999999990005e-13,0.11113175316759813,0.013852761489684949,0.5345230900674903,0.3404923952742266
8,Normal,Normal,Normal,False,0.9892733921316584,9.999999999990003e-13,0.0018413744248202027,0.003889172514644383,0.9892733921316584,0.004996060927877038
9,Bot,Bot,Bot,False,0.9997905629791837,0.9997905629791837,9.999999999970025e-13,9.999999999970025e-13,0.00020943701781609136,9.999999999970025e-13
10,DoS/DDoS,DoS/DDoS,DoS/DDoS,False,0.9999999999959999,9.999999999960008e-13,9.999999999960008e-13,0.9999999999959999,9.999999999960008e-13,9.999999999960008e-13
11,Web Attack,Web Attack,Web Attack,False,0.9662431571668146,9.99999999999e-13,0.030266692220609917,0.00023152691282425555,0.0032586236987512413,0.9662431571668146
12,Brute Force,Brute Force,Brute Force,False,0.999650142462501,9.999999999969996e-13,0.999650142462501,9.999999999969996e-13,0.0003498575344992575,9.999999999969996e-13
13,Bot,Bot,Bot,False,0.9999999999959996,0.9999999999959996,9.999999999960006e-13,9.999999999960006e-13,9.999999999960006e-13,9.999999999960006e-13
14,DoS/DDoS,DoS/DDoS,DoS/DDoS,False,0.9999999999959999,9.999999999960008e-13,9.999999999960008e-13,0.9999999999959999,9.999999999960008e-13,9.999999999960008e-13
15,Bot,Bot,Bot,False,0.9999999999959996,0.9999999999959996,9.999999999960006e-13,9.999999999960006e-13,9.999999999960006e-13,9.999999999960006e-13
16,Bot,Bot,Bot,False,0.9788975763204115,0.9788975763204115,9.99999999998001e-13,0.000422259517362884,0.020680164160225643,9.99999999998001e-13
17,DoS/DDoS,DoS/DDoS,DoS/DDoS,False,0.9999999999959999,9.999999999960008e-13,9.999999999960008e-13,0.9999999999959999,9.999999999960008e-13,9.999999999960008e-13
18,Bot,Bot,Bot,False,0.9997905629791837,0.9997905629791837,9.999999999970025e-13,9.999999999970025e-13,0.00020943701781609136,9.999999999970025e-13
19,Web Attack,Web Attack,Web Attack,False,0.9610403674516008,9.999999999989997e-13,0.03239702099346855,0.0002322234659388443,0.006330388087991741,0.9610403674516008
20,DoS/DDoS,DoS/DDoS,DoS/DDoS,False,0.9999999999959999,9.999999999960008e-13,9.999999999960008e-13,0.9999999999959999,9.999999999960008e-13,9.999999999960008e-13
21,Web Attack,Web Attack,Web Attack,False,0.8550768157587526,9.999999999990001e-13,0.00802468798178399,0.010179832165839878,0.12671866409262358,0.8550768157587526
22,DoS/DDoS,DoS/DDoS,DoS/DDoS,False,0.983378910777422,9.999999999980009e-13,9.999999999980009e-13,0.983378910777422,0.014123368052924305,0.002497721167653842
23,Brute Force,Brute Force,Brute Force,False,0.9999999999959996,9.999999999960006e-13,0.9999999999959996,9.999999999960006e-13,9.999999999960006e-13,9.999999999960006e-13
24,DoS/DDoS,DoS/DDoS,DoS/DDoS,False,0.9944375035734186,9.999999999969996e-13,9.999999999969996e-13,0.9944375035734186,0.005562496423581274,9.999999999969996e-13
25,Bot,Bot,Bot,False,0.9999999999959996,0.9999999999959996,9.999999999960006e-13,9.999999999960006e-13,9.999999999960006e-13,9.999999999960006e-13
26,Brute Force,Brute Force,Brute Force,False,0.9999999999959996,9.999999999960006e-13,0.9999999999959996,9.999999999960006e-13,9.999999999960006e-13,9.999999999960006e-13
27,Bot,Bot,Bot,False,0.9736896326322215,0.9736896326322215,9.999999999980003e-13,0.0004222466045713959,0.025888120761207313,9.999999999980003e-13
28,Brute Force,Brute Force,Brute Force,False,0.9999999999959996,9.999999999960006e-13,0.9999999999959996,9.999999999960006e-13,9.999999999960006e-13,9.999999999960006e-13
29,Normal,Normal,Normal,False,0.9979307574607567,9.999999999970008e-13,9.999999999970008e-13,0.0020692425362433373,0.9979307574607567,9.999999999970008e-13
30,Bot,Bot,Bot,False,0.9997905629791837,0.9997905629791837,9.999999999970025e-13,9.999999999970025e-13,0.00020943701781609136,9.999999999970025e-13
31,Web Attack,Web Attack,Web Attack,False,0.9388698915444282,9.999999999990024e-13,0.05697894964304182,0.0005988909413251165,0.0035522678702048036,0.9388698915444282
32,Web Attack,Web Attack,Web Attack,False,0.8798961047266555,9.99999999999e-13,0.11677809635393005,0.00022324652609964052,0.003102552392314832,0.8798961047266555
33,Brute Force,Brute Force,Brute Force,False,0.9999999999959996,9.999999999960006e-13,0.9999999999959996,9.999999999960006e-13,9.999999999960006e-13,9.999999999960006e-13
34,Normal,Normal,Normal,False,0.6342347705487387,0.07821251733088697,0.02082035450038137,0.20496126570757536,0.6342347705487387,0.06177109191241765
35,Web Attack,Web Attack,Web Attack,False,0.9677005429865712,9.999999999989997e-13,0.028796059560305252,0.00023167782383523813,0.0032717196282882723,0.9677005429865712
36,DoS/DDoS,DoS/DDoS,DoS/DDoS,False,0.9999999999959999,9.999999999960008e-13,9.999999999960008e-13,0.9999999999959999,9.999999999960008e-13,9.999999999960008e-13
37,Brute Force,Brute Force,Brute Force,False,0.9999999999959996,9.999999999960006e-13,0.9999999999959996,9.999999999960006e-13,9.999999999960006e-13,9.999999999960006e-13
38,Bot,Bot,Bot,False,0.9485973025906085,0.9485973025906085,9.99999999997999e-13,0.0002750766461895542,0.05112762076120191,9.99999999997999e-13
39,Web Attack,Web Attack,Web Attack,False,0.9626320796856994,9.99999999999e-13,0.03386301665232241,0.0002318444957811827,0.003273059165197069,0.9626320796856994
40,Web Attack,Web Attack,Web Attack,False,0.9539060106765608,9.999999999990013e-13,0.04221611544356643,0.00023059255164058242,0.003647281327232162,0.9539060106765608
41,Brute Force,Web Attack,unknown,True,0.6105139733849824,9.999999999990003e-13,0.32175390988481123,0.00029102447447801474,0.06744109225472839,0.6105139733849824
42,Web Attack,Web Attack,Web Attack,False,0.9677005429865712,9.999999999989997e-13,0.028796059560305252,0.00023167782383523813,0.0032717196282882723,0.9677005429865712
43,Brute Force,Brute Force,Brute Force,False,0.9999999999959996,9.999999999960006e-13,0.9999999999959996,9.999999999960006e-13,9.999999999960006e-13,9.999999999960006e-13
44,DoS/DDoS,DoS/DDoS,DoS/DDoS,False,0.9767901486165749,9.999999999990017e-13,0.0012272823079333246,0.9767901486165749,0.013299778834371697,0.00868279024012008
45,Bot,Bot,unknown,True,0.7269171144926273,0.7269171144926273,9.999999999980007e-13,0.0005298035034641653,0.2725530820019087,9.999999999980007e-13
46,Bot,Bot,Bot,False,0.9997905629791837,0.9997905629791837,9.999999999970025e-13,9.999999999970025e-13,0.00020943701781609136,9.999999999970025e-13
47,DoS/DDoS,DoS/DDoS,DoS/DDoS,False,0.9999999999959999,9.999999999960008e-13,9.999999999960008e-13,0.9999999999959999,9.999999999960008e-13,9.999999999960008e-13
48,Brute Force,Brute Force,Brute Force,False,0.999650142462501,9.999999999969996e-13,0.999650142462501,9.999999999969996e-13,0.0003498575344992575,9.999999999969996e-13
49,Web Attack,Web Attack,unknown,True,0.6063449612691502,9.999999999990001e-13,0.3259301414536458,0.0002910140312080001,0.06743388324499604,0.6063449612691502
50,Normal,Normal,Normal,False,0.6899164607577128,0.15794467322438813,0.057129484060249536,0.08103197575880802,0.6899164607577128,0.013977406198841419
51,Web Attack,Web Attack,Web Attack,False,0.9286613639558704,9.999999999990007e-13,0.06744453702598985,0.00023197853936764813,0.003662120477772187,0.9286613639558704
52,Normal,Normal,Normal,False,0.9951037180036113,0.0008716308976388258,9.999999999980023e-13,0.004024651096749963,0.9951037180036113,9.999999999980023e-13
53,Brute Force,Brute Force,Brute Force,False,0.999650142462501,9.999999999969996e-13,0.999650142462501,9.999999999969996e-13,0.0003498575344992575,9.999999999969996e-13
54,DoS/DDoS,DoS/DDoS,unknown,True,0.9635934581259933,9.99999999999002e-13,0.0005269117811411615,0.9635934581259933,0.031995026566457876,0.003884603525407755
55,Brute Force,Brute Force,Brute Force,False,0.9999999999959996,9.999999999960006e-13,0.9999999999959996,9.999999999960006e-13,9.999999999960006e-13,9.999999999960006e-13
56,DoS/DDoS,DoS/DDoS,unknown,True,0.8897581064702471,9.999999999990022e-13,0.02313110344110814,0.8897581064702471,0.07264354836772197,0.014467241719922828
57,Brute Force,Brute Force,Brute Force,False,0.9999999999959996,9.999999999960006e-13,0.9999999999959996,9.999999999960006e-13,9.999999999960006e-13,9.999999999960006e-13
58,Brute Force,Brute Force,Brute Force,False,0.9999999999959996,9.999999999960006e-13,0.9999999999959996,9.999999999960006e-13,9.999999999960006e-13,9.999999999960006e-13
59,Brute Force,Brute Force,Brute Force,False,0.9833100878861312,9.999999999980021e-13,0.9833100878861312,9.999999999980021e-13,0.010830011593171977,0.005859900518696811
60,Web Attack,Web Attack,Web Attack,False,0.9603605472728112,9.999999999990028e-13,0.03615407174910891,0.00023097926170431712,0.003254401715375644,0.9603605472728112
61,Web Attack,Web Attack,Web Attack,False,0.9584887387506354,9.99999999999002e-13,0.036092359028338454,0.00023172119578306643,0.005187181024243042,0.9584887387506354
62,DoS/DDoS,DoS/DDoS,DoS/DDoS,False,0.9999999999959999,9.999999999960008e-13,9.999999999960008e-13,0.9999999999959999,9.999999999960008e-13,9.999999999960008e-13
63,Brute Force,Web Attack,unknown,True,0.6133535677362199,9.999999999990013e-13,0.2547503847521584,0.0002906326821791876,0.13160541482844254,0.6133535677362199
64,DoS/DDoS,DoS/DDoS,DoS/DDoS,False,0.9999999999959999,9.999999999960008e-13,9.999999999960008e-13,0.9999999999959999,9.999999999960008e-13,9.999999999960008e-13
65,DoS/DDoS,DoS/DDoS,DoS/DDoS,False,0.9947093295917219,9.999999999970027e-13,9.999999999970027e-13,0.9947093295917219,0.00529067040527814,9.999999999970027e-13
66,Web Attack,Web Attack,Web Attack,False,0.7678803518893548,9.999999999990024e-13,0.1693490711565055,0.006648065595542185,0.05612251135759767,0.7678803518893548
67,Normal,Normal,Normal,False,0.9560205227839805,0.003329230613568923,0.024415472031665247,0.01623477456978514,0.9560205227839805,9.99999999999002e-13
68,Bot,Bot,Bot,False,0.9999999999959996,0.9999999999959996,9.999999999960006e-13,9.999999999960006e-13,9.999999999960006e-13,9.999999999960006e-13
69,Bot,Bot,unknown,True,0.9069444603108958,0.9069444603108958,9.99999999998001e-13,0.00020551489748492583,0.09285002478961904,9.99999999998001e-13
70,Normal,Normal,Normal,False,0.9999999999959999,9.999999999960008e-13,9.999999999960008e-13,9.999999999960008e-13,0.9999999999959999,9.999999999960008e-13
71,Normal,Normal,Normal,False,0.9437230635709295,0.001676821619390505,0.0071548870118243015,0.012203243135354364,0.9437230635709295,0.035241984662501336
72,Normal,Normal,Normal,False,0.9427234793203186,9.999999999989995e-13,0.024475787016896764,0.021454559213408178,0.9427234793203186,0.01134617444837629
73,Bot,Bot,Bot,False,0.9750597629082103,0.9750597629082103,9.999999999990001e-13,0.002930335969984168,0.021491762253405895,0.000518138867399705
74,Web Attack,Web Attack,Web Attack,False,0.9289263068532285,9.999999999990017e-13,0.008059285482064322,0.008219878845562625,0.05479452881814438,0.9289263068532285
75,DoS/DDoS,DoS/DDoS,unknown,True,0.906914893573618,9.999999999990013e-13,0.002098240579302884,0.906914893573618,0.04925144760039232,0.041735418245686794
76,Bot,Bot,Bot,False,0.9997905629791837,0.9997905629791837,9.999999999970025e-13,9.999999999970025e-13,0.00020943701781609136,9.999999999970025e-13
77,Normal,Normal,Normal,False,0.5994368932885982,0.054906236449781966,0.0194939000404099,0.32616297022021007,0.5994368932885982,9.999999999990003e-13
78,Brute Force,Brute Force,Brute Force,False,0.9999999999959996,9.999999999960006e-13,0.9999999999959996,9.999999999960006e-13,9.999999999960006e-13,9.999999999960006e-13
79,Brute Force,Brute Force,Brute Force,False,0.9999999999959996,9.999999999960006e-13,0.9999999999959996,9.999999999960006e-13,9.999999999960006e-13,9.999999999960006e-13
80,Bot,Bot,Bot,False,0.9997905629791837,0.9997905629791837,9.999999999970025e-13,9.999999999970025e-13,0.00020943701781609136,9.999999999970025e-13
81,Brute Force,Brute Force,Brute Force,False,0.9997487449430954,9.999999999970002e-13,0.9997487449430954,9.999999999970002e-13,0.0002512550539045216,9.999999999970002e-13
82,DoS/DDoS,DoS/DDoS,DoS/DDoS,False,0.9888436052926025,9.999999999990003e-13,0.0017108727461116044,0.9888436052926025,0.003815808566872795,0.005629713393413284
83,Normal,Normal,Normal,False,0.8397730723372768,0.0064243312676608155,0.056676955264657075,0.028205942550464172,0.8397730723372768,0.06891969857994101
84,Web Attack,Web Attack,Web Attack,False,0.9452084141070114,9.999999999990001e-13,0.04083394639095935,0.0002766394261871256,0.013681000074842256,0.9452084141070114
85,Brute Force,Brute Force,Brute Force,False,0.9999999999959996,9.999999999960006e-13,0.9999999999959996,9.999999999960006e-13,9.999999999960006e-13,9.999999999960006e-13
86,Bot,Bot,Bot,False,0.9916152564131254,0.9916152564131254,9.999999999979999e-13,0.0018717680462527683,0.00651297553862153,9.999999999979999e-13
87,Bot,Bot,Bot,False,0.9815723986364796,0.9815723986364796,9.999999999979999e-13,0.00034754117766047356,0.018080060183859836,9.999999999979999e-13
88,DoS/DDoS,DoS/DDoS,DoS/DDoS,False,0.9999999999959999,9.999999999960008e-13,9.999999999960008e-13,0.9999999999959999,9.999999999960008e-13,9.999999999960008e-13
89,Web Attack,Web Attack,Web Attack,False,0.6768078780261463,9.999999999990001e-13,0.31914808328570254,0.00046196578891884486,0.003582072898232285,0.6768078780261463
90,Bot,Bot,Bot,False,0.9997905629791837,0.9997905629791837,9.999999999970025e-13,9.999999999970025e-13,0.00020943701781609136,9.999999999970025e-13
91,Web Attack,Web Attack,Web Attack,False,0.9469569973315163,9.999999999990001e-13,0.010523952893319453,0.003026324059000741,0.039492725715163664,0.9469569973315163
92,Brute Force,Brute Force,Brute Force,False,0.9999999999959996,9.999999999960006e-13,0.9999999999959996,9.999999999960006e-13,9.999999999960006e-13,9.999999999960006e-13
93,Bot,Bot,Bot,False,0.9764012562515569,0.9764012562515569,9.999999999980017e-13,0.0004222475827207381,0.02317649616372232,9.999999999980017e-13
94,Brute Force,Brute Force,Brute Force,False,0.9997487449430954,9.999999999970002e-13,0.9997487449430954,9.999999999970002e-13,0.0002512550539045216,9.999999999970002e-13
95,DoS/DDoS,DoS/DDoS,DoS/DDoS,False,0.9999999999959999,9.999999999960008e-13,9.999999999960008e-13,0.9999999999959999,9.999999999960008e-13,9.999999999960008e-13
96,Brute Force,Web Attack,Web Attack,False,0.9485257204148148,9.999999999990003e-13,0.04228593205606069,0.00023260969144156063,0.008955737836683055,0.9485257204148148
97,Bot,Bot,Bot,False,0.9997905629791837,0.9997905629791837,9.999999999970025e-13,9.999999999970025e-13,0.00020943701781609136,9.999999999970025e-13
98,Bot,Bot,Bot,False,0.9999999999959996,0.9999999999959996,9.999999999960006e-13,9.999999999960006e-13,9.999999999960006e-13,9.999999999960006e-13
99,Web Attack,Web Attack,Web Attack,False,0.9515398356901067,9.999999999990003e-13,0.03381063077416247,0.00023307233326130816,0.014416461201469598,0.9515398356901067
100,DoS/DDoS,DoS/DDoS,DoS/DDoS,False,0.9999999999959999,9.999999999960008e-13,9.999999999960008e-13,0.9999999999959999,9.999999999960008e-13,9.999999999960008e-13
101,Bot,Bot,Bot,False,0.9997905629791837,0.9997905629791837,9.999999999970025e-13,9.999999999970025e-13,0.00020943701781609136,9.999999999970025e-13
102,DoS/DDoS,DoS/DDoS,DoS/DDoS,False,0.9999999999959999,9.999999999960008e-13,9.999999999960008e-13,0.9999999999959999,9.999999999960008e-13,9.999999999960008e-13
103,Normal,Web Attack,unknown,True,0.4814874479809121,0.011546600627880823,0.17284812907721184,0.0725737300804149,0.2615440922335803,0.4814874479809121
104,Bot,Bot,unknown,True,0.9143885457901546,0.9143885457901546,9.999999999979997e-13,0.000275027293798739,0.08533642691404693,9.999999999979997e-13
105,Brute Force,Brute Force,Brute Force,False,0.9999999999959996,9.999999999960006e-13,0.9999999999959996,9.999999999960006e-13,9.999999999960006e-13,9.999999999960006e-13
106,Brute Force,Brute Force,Brute Force,False,0.9999999999959996,9.999999999960006e-13,0.9999999999959996,9.999999999960006e-13,9.999999999960006e-13,9.999999999960006e-13
107,DoS/DDoS,DoS/DDoS,DoS/DDoS,False,0.9958536787238239,9.999999999970015e-13,9.999999999970015e-13,0.9958536787238239,0.004146321273176067,9.999999999970015e-13
108,Web Attack,Web Attack,Web Attack,False,0.9572185748015215,9.99999999999002e-13,0.03890003907904025,0.00023096986661807548,0.0036504162518201035,0.9572185748015215
109,Normal,Normal,Normal,False,0.9974971944716794,9.999999999970004e-13,9.999999999970004e-13,9.999999999970004e-13,0.9974971944716794,0.0025028055253204294
110,DoS/DDoS,DoS/DDoS,DoS/DDoS,False,0.9999999999959999,9.999999999960008e-13,9.999999999960008e-13,0.9999999999959999,9.999999999960008e-13,9.999999999960008e-13
111,DoS/DDoS,DoS/DDoS,DoS/DDoS,False,0.9999999999959999,9.999999999960008e-13,9.999999999960008e-13,0.9999999999959999,9.999999999960008e-13,9.999999999960008e-13
112,Web Attack,Web Attack,Web Attack,False,0.9677005429865712,9.999999999989997e-13,0.028796059560305252,0.00023167782383523813,0.0032717196282882723,0.9677005429865712
113,Web Attack,Web Attack,Web Attack,False,0.9462129675629036,9.999999999989995e-13,0.048070198412191636,0.00027593976746766576,0.005440894256437043,0.9462129675629036
114,Normal,Normal,Normal,False,0.9999999999959999,9.999999999960008e-13,9.999999999960008e-13,9.999999999960008e-13,0.9999999999959999,9.999999999960008e-13
115,Brute Force,Brute Force,Brute Force,False,0.9983876169229264,9.999999999970004e-13,0.9983876169229264,9.999999999970004e-13,0.0016123830740735214,9.999999999970004e-13
116,Web Attack,Web Attack,Web Attack,False,0.7139082131936921,9.99999999999002e-13,0.2815334852086395,0.0003081673094948699,0.0042501342871734925,0.7139082131936921
117,Bot,Bot,unknown,True,0.5643612727765084,0.5643612727765084,9.999999999980017e-13,0.00043183622994250054,0.435206890991549,9.999999999980017e-13
118,DoS/DDoS,DoS/DDoS,DoS/DDoS,False,0.9962121926319896,9.99999999997001e-13,9.99999999997001e-13,0.9962121926319896,0.003787807365010554,9.99999999997001e-13
119,Brute Force,Brute Force,Brute Force,False,0.9997487449430954,9.999999999970002e-13,0.9997487449430954,9.999999999970002e-13,0.0002512550539045216,9.999999999970002e-13
120,DoS/DDoS,DoS/DDoS,DoS/DDoS,False,0.9999999999959999,9.999999999960008e-13,9.999999999960008e-13,0.9999999999959999,9.999999999960008e-13,9.999999999960008e-13
121,Bot,Bot,Bot,False,0.9997905629791837,0.9997905629791837,9.999999999970025e-13,9.999999999970025e-13,0.00020943701781609136,9.999999999970025e-13
122,Brute Force,Brute Force,Brute Force,False,0.9999999999959996,9.999999999960006e-13,0.9999999999959996,9.999999999960006e-13,9.999999999960006e-13,9.999999999960006e-13
123,Web Attack,Web Attack,Web Attack,False,0.9677005429865712,9.999999999989997e-13,0.028796059560305252,0.00023167782383523813,0.0032717196282882723,0.9677005429865712
124,Bot,Bot,Bot,False,0.9836272032751249,0.9836272032751249,0.0011727680664419444,9.999999999979997e-13,0.015200028656433119,9.999999999979997e-13
125,Normal,Normal,Normal,False,0.6570978058281848,0.1874554650350797,0.05960147187928948,0.08182196844326103,0.6570978058281848,0.01402328881418515
126,Normal,Normal,Normal,False,0.9999999999959999,9.999999999960008e-13,9.999999999960008e-13,9.999999999960008e-13,0.9999999999959999,9.999999999960008e-13
127,Brute Force,Brute Force,Brute Force,False,0.9999999999959996,9.999999999960006e-13,0.9999999999959996,9.999999999960006e-13,9.999999999960006e-13,9.999999999960006e-13
128,Brute Force,Brute Force,Brute Force,False,0.9999999999959996,9.999999999960006e-13,0.9999999999959996,9.999999999960006e-13,9.999999999960006e-13,9.999999999960006e-13
129,DoS/DDoS,DoS/DDoS,DoS/DDoS,False,0.9999999999959999,9.999999999960008e-13,9.999999999960008e-13,0.9999999999959999,9.999999999960008e-13,9.999999999960008e-13
130,Normal,Normal,Normal,False,0.9968404474938884,9.999999999970002e-13,9.999999999970002e-13,9.999999999970002e-13,0.9968404474938884,0.003159552503111506
131,Normal,Normal,Normal,False,0.8842816659020517,9.999999999990026e-13,0.024545341878270715,0.014039848152641183,0.8842816659020517,0.07713314406603645
132,Normal,Normal,Normal,False,0.9958458323606517,9.999999999980009e-13,0.0007813630907671499,0.0033728045465811845,0.9958458323606517,9.999999999980009e-13
133,Web Attack,Web Attack,Web Attack,False,0.9562038015294001,9.999999999990013e-13,0.04008781689046569,0.00023099631854543598,0.003477385260588795,0.9562038015294001
134,Bot,Bot,Bot,False,0.9815723986364796,0.9815723986364796,9.999999999979999e-13,0.00034754117766047356,0.018080060183859836,9.999999999979999e-13
135,Normal,Normal,Normal,False,0.8756141542058682,9.999999999990017e-13,0.011206423430133432,0.05164342336346664,0.8756141542058682,0.06153599899953168
136,Brute Force,Brute Force,Brute Force,False,0.9893913534386759,9.999999999990001e-13,0.9893913534386759,0.0038239250490198907,0.005801211254568826,0.0009835102567352044
137,Brute Force,Brute Force,Brute Force,False,0.9862163495638838,0.0024987856929822526,0.9862163495638838,9.999999999989995e-13,0.005002705880590065,0.006282158861543904
138,Web Attack,Web Attack,Web Attack,False,0.8828697437560299,9.999999999990001e-13,0.11367876092425083,0.00022408921899009953,0.003227406099729172,0.8828697437560299
139,Web Attack,Web Attack,unknown,True,0.5654293959519511,9.999999999990003e-13,0.4290219320604671,0.0003081860870579664,0.005240485899523752,0.5654293959519511
140,Normal,Normal,Normal,False,0.9999999999959999,9.999999999960008e-13,9.999999999960008e-13,9.999999999960008e-13,0.9999999999959999,9.999999999960008e-13
141,DoS/DDoS,DoS/DDoS,unknown,True,0.8760913418432793,9.999999999989993e-13,0.004251414869319041,0.8760913418432793,0.07012215032091493,0.04953509296548677
142,Bot,Bot,Bot,False,0.9802250606015689,0.9802250606015689,9.999999999980007e-13,0.00034753513862629154,0.01942740425780522,9.999999999980007e-13
143,Web Attack,Web Attack,Web Attack,False,0.8841307217185234,9.999999999990015e-13,0.11019546293715732,0.0002754690653097424,0.005398346278009475,0.8841307217185234
144,DoS/DDoS,DoS/DDoS,DoS/DDoS,False,0.9917246656352882,9.99999999998e-13,9.99999999998e-13,0.9917246656352882,0.007045879665062909,0.0012294546976491208
145,Web Attack,Web Attack,Web Attack,False,0.9604809419425169,9.999999999990017e-13,0.0351785839136226,0.00023154651089324547,0.004108927631967339,0.9604809419425169
146,DoS/DDoS,DoS/DDoS,DoS/DDoS,False,0.9999999999959999,9.999999999960008e-13,9.999999999960008e-13,0.9999999999959999,9.999999999960008e-13,9.999999999960008e-13
147,DoS/DDoS,DoS/DDoS,DoS/DDoS,False,0.9999999999959999,9.999999999960008e-13,9.999999999960008e-13,0.9999999999959999,9.999999999960008e-13,9.999999999960008e-13
148,Bot,Bot,Bot,False,0.9801936383323934,0.9801936383323934,9.999999999980021e-13,0.00042226542108621604,0.019384096244520282,9.999999999980021e-13
149,Brute Force,Web Attack,Web Attack,False,0.8876595713465023,9.999999999989997e-13,0.08513815542950068,0.0003919742863356139,0.026810298936661363,0.8876595713465023
150,Brute Force,Brute Force,Brute Force,False,0.9999999999959996,9.999999999960006e-13,0.9999999999959996,9.999999999960006e-13,9.999999999960006e-13,9.999999999960006e-13
151,Web Attack,Web Attack,Web Attack,False,0.9040742824317879,9.999999999990026e-13,0.09236239613198612,0.00023062483145948716,0.003332696603766459,0.9040742824317879
152,Web Attack,Web Attack,Web Attack,False,0.9677005429865712,9.999999999989997e-13,0.028796059560305252,0.00023167782383523813,0.0032717196282882723,0.9677005429865712
153,Normal,Normal,Normal,False,0.9425505484713219,9.999999999990003e-13,0.013736431288543887,0.026711047546488648,0.9425505484713219,0.01700197269264573
154,DoS/DDoS,DoS/DDoS,DoS/DDoS,False,0.9999999999959999,9.999999999960008e-13,9.999999999960008e-13,0.9999999999959999,9.999999999960008e-13,9.999999999960008e-13
155,Bot,Bot,Bot,False,0.9800277083068877,0.9800277083068877,9.999999999980013e-13,0.00042225605961720975,0.0195500356314952,9.999999999980013e-13
156,Normal,Normal,Normal,False,0.9999999999959999,9.999999999960008e-13,9.999999999960008e-13,9.999999999960008e-13,0.9999999999959999,9.999999999960008e-13
157,DoS/DDoS,DoS/DDoS,DoS/DDoS,False,0.9999999999959999,9.999999999960008e-13,9.999999999960008e-13,0.9999999999959999,9.999999999960008e-13,9.999999999960008e-13
158,Brute Force,Brute Force,Brute Force,False,0.9999999999959996,9.999999999960006e-13,0.9999999999959996,9.999999999960006e-13,9.999999999960006e-13,9.999999999960006e-13
159,Web Attack,Web Attack,Web Attack,False,0.9002969897443245,9.99999999999001e-13,0.09555546162075892,0.0005978245231263667,0.003549724110790262,0.9002969897443245
160,DoS/DDoS,DoS/DDoS,DoS/DDoS,False,0.9999999999959999,9.999999999960008e-13,9.999999999960008e-13,0.9999999999959999,9.999999999960008e-13,9.999999999960008e-13
161,Bot,Bot,Bot,False,0.9999999999959996,0.9999999999959996,9.999999999960006e-13,9.999999999960006e-13,9.999999999960006e-13,9.999999999960006e-13
162,Brute Force,Brute Force,Brute Force,False,0.9997487449430954,9.999999999970002e-13,0.9997487449430954,9.999999999970002e-13,0.0002512550539045216,9.999999999970002e-13
163,Brute Force,Brute Force,Brute Force,False,0.9999999999959996,9.999999999960006e-13,0.9999999999959996,9.999999999960006e-13,9.999999999960006e-13,9.999999999960006e-13
164,Web Attack,Web Attack,Web Attack,False,0.8605504786100385,9.999999999990024e-13,0.13494638167794368,0.00023055852566302744,0.0042725811853548835,0.8605504786100385
165,Web Attack,Web Attack,Web Attack,False,0.9466713135272306,9.999999999990017e-13,0.04628189219700361,0.00039190905226189194,0.006654885222503975,0.9466713135272306
166,Web Attack,Web Attack,Web Attack,False,0.9606909496907335,9.999999999990013e-13,0.035565767376810865,0.00023190922936165118,0.0035113737020938,0.9606909496907335
167,Bot,Bot,Bot,False,0.9801936383323934,0.9801936383323934,9.999999999980021e-13,0.00042226542108621604,0.019384096244520282,9.999999999980021e-13
168,Normal,Normal,Normal,False,0.9981097773278275,9.999999999970023e-13,0.0018902226691725878,9.999999999970023e-13,0.9981097773278275,9.999999999970023e-13
169,DoS/DDoS,DoS/DDoS,DoS/DDoS,False,0.9979285604353884,9.999999999980015e-13,9.999999999980015e-13,0.9979285604353884,0.0012298095648972949,0.0008416299977144997
170,Brute Force,Brute Force,Brute Force,False,0.9983876169229264,9.999999999970004e-13,0.9983876169229264,9.999999999970004e-13,0.0016123830740735214,9.999999999970004e-13
171,Normal,Normal,Normal,False,0.9705656139441814,0.0016494614128565951,0.005351691188594611,0.016130522657015797,0.9705656139441814,0.006302710797351734
172,Bot,Bot,Bot,False,0.9997905629791837,0.9997905629791837,9.999999999970025e-13,9.999999999970025e-13,0.00020943701781609136,9.999999999970025e-13
173,Bot,Bot,Bot,False,0.9614288639293325,0.9614288639293325,9.999999999980021e-13,0.0016172733677940925,0.03695386270087357,9.999999999980021e-13
174,Normal,Normal,Normal,False,0.9812749619737321,9.999999999989995e-13,0.0006463735893945767,0.015697304773020424,0.9812749619737321,0.002381359662853065
175,Bot,Bot,Bot,False,0.9999999999959996,0.9999999999959996,9.999999999960006e-13,9.999999999960006e-13,9.999999999960006e-13,9.999999999960006e-13
176,DoS/DDoS,DoS/DDoS,DoS/DDoS,False,0.9965964349059111,9.99999999997002e-13,9.99999999997002e-13,0.9965964349059111,0.003403565091088935,9.99999999997002e-13
177,Brute Force,Brute Force,Brute Force,False,0.9999999999959996,9.999999999960006e-13,0.9999999999959996,9.999999999960006e-13,9.999999999960006e-13,9.999999999960006e-13
178,Brute Force,Brute Force,Brute Force,False,0.9997487449430954,9.999999999970002e-13,0.9997487449430954,9.999999999970002e-13,0.0002512550539045216,9.999999999970002e-13
179,Bot,Bot,Bot,False,0.9997905629791837,0.9997905629791837,9.999999999970025e-13,9.999999999970025e-13,0.00020943701781609136,9.999999999970025e-13
180,Bot,Bot,Bot,False,0.9815723986364796,0.9815723986364796,9.999999999979999e-13,0.00034754117766047356,0.018080060183859836,9.999999999979999e-13
181,Web Attack,Web Attack,Web Attack,False,0.9677005429865712,9.999999999989997e-13,0.028796059560305252,0.00023167782383523813,0.0032717196282882723,0.9677005429865712
182,DoS/DDoS,DoS/DDoS,DoS/DDoS,False,0.9999999999959999,9.999999999960008e-13,9.999999999960008e-13,0.9999999999959999,9.999999999960008e-13,9.999999999960008e-13
183,Web Attack,Web Attack,Web Attack,False,0.6791553072883605,9.999999999990017e-13,0.3152920110943495,0.00030782134353941974,0.005244860272750614,0.6791553072883605
184,Web Attack,Web Attack,Web Attack,False,0.932691058608842,9.999999999990022e-13,0.029928613060510527,0.013617690995262754,0.023762637334384804,0.932691058608842
185,Brute Force,Brute Force,Brute Force,False,0.9999999999959996,9.999999999960006e-13,0.9999999999959996,9.999999999960006e-13,9.999999999960006e-13,9.999999999960006e-13
186,Brute Force,Brute Force,Brute Force,False,0.9999999999959996,9.999999999960006e-13,0.9999999999959996,9.999999999960006e-13,9.999999999960006e-13,9.999999999960006e-13
187,Bot,Bot,Bot,False,0.9997905629791837,0.9997905629791837,9.999999999970025e-13,9.999999999970025e-13,0.00020943701781609136,9.999999999970025e-13
188,Normal,Normal,Normal,False,0.9999999999959999,9.999999999960008e-13,9.999999999960008e-13,9.999999999960008e-13,0.9999999999959999,9.999999999960008e-13
189,Bot,Bot,Bot,False,0.9999999999959996,0.9999999999959996,9.999999999960006e-13,9.999999999960006e-13,9.999999999960006e-13,9.999999999960006e-13
190,DoS/DDoS,DoS/DDoS,DoS/DDoS,False,0.9999999999959999,9.999999999960008e-13,9.999999999960008e-13,0.9999999999959999,9.999999999960008e-13,9.999999999960008e-13
191,Normal,Normal,Normal,False,0.9999999999959999,9.999999999960008e-13,9.999999999960008e-13,9.999999999960008e-13,0.9999999999959999,9.999999999960008e-13
192,DoS/DDoS,DoS/DDoS,DoS/DDoS,False,0.9981634820735399,9.99999999997001e-13,9.99999999997001e-13,0.9981634820735399,0.0018365179234599606,9.99999999997001e-13
193,Normal,Normal,Normal,False,0.9532267589636065,9.999999999989997e-13,0.010747970659142583,0.01542786298657998,0.9532267589636065,0.020597407389671068
194,Web Attack,Web Attack,Web Attack,False,0.9626127116815738,9.999999999990015e-13,0.03227278459907242,0.0002315301121435377,0.004882973606210211,0.9626127116815738
195,DoS/DDoS,DoS/DDoS,DoS/DDoS,False,0.9922429873875471,9.999999999970008e-13,9.999999999970008e-13,0.9922429873875471,0.007757012609452797,9.999999999970008e-13
196,DoS/DDoS,DoS/DDoS,unknown,True,0.9176544352489855,9.999999999990013e-13,0.012454678912146905,0.9176544352489855,0.056977569433711274,0.01291331640415633
197,Normal,Normal,Normal,False,0.8872099072835307,9.999999999990015e-13,0.06273164394223461,0.0009415624579066783,0.8872099072835307,0.049116886315328186
198,Web Attack,Web Attack,Web Attack,False,0.9752660219113217,9.99999999998999e-13,0.007056911944063012,0.0016079535626610222,0.01606911258095415,0.9752660219113217
199,DoS/DDoS,DoS/DDoS,DoS/DDoS,False,0.9944775390765207,9.99999999998e-13,9.99999999998e-13,0.9944775390765207,0.004728253954462783,0.000794206967016522
200,Brute Force,Brute Force,Brute Force,False,0.9999999999959996,9.999999999960006e-13,0.9999999999959996,9.999999999960006e-13,9.999999999960006e-13,9.999999999960006e-13
201,DoS/DDoS,DoS/DDoS,DoS/DDoS,False,0.9999999999959999,9.999999999960008e-13,9.999999999960008e-13,0.9999999999959999,9.999999999960008e-13,9.999999999960008e-13
202,Web Attack,Web Attack,Web Attack,False,0.962172281090652,9.999999999990017e-13,0.029733709766291336,0.0026392665244388204,0.005454742617617815,0.962172281090652
203,Brute Force,Brute Force,Brute Force,False,0.9999999999959996,9.999999999960006e-13,0.9999999999959996,9.999999999960006e-13,9.999999999960006e-13,9.999999999960006e-13
204,Brute Force,Brute Force,Brute Force,False,0.9965297682418884,9.999999999970023e-13,0.9965297682418884,9.999999999970023e-13,0.003470231755111819,9.999999999970023e-13
205,Normal,Normal,Normal,False,0.954161564961085,9.999999999990011e-13,0.027019787132347844,0.000940130922651123,0.954161564961085,0.017878516982915902
206,Normal,Normal,Normal,False,0.7739706391687672,0.0011812823709391612,0.13627419401896254,0.07602751088711734,0.7739706391687672,0.012546373554213841
207,Web Attack,Web Attack,Web Attack,False,0.9622720928282237,9.999999999990022e-13,0.03374736225249997,0.00023207916028359846,0.003748465757992719,0.9622720928282237
208,DoS/DDoS,DoS/DDoS,DoS/DDoS,False,0.9999999999959999,9.999999999960008e-13,9.999999999960008e-13,0.9999999999959999,9.999999999960008e-13,9.999999999960008e-13
209,Web Attack,Web Attack,Web Attack,False,0.9019516351000859,9.999999999990013e-13,0.08967497770260521,0.0002319856885291598,0.00814140150777976,0.9019516351000859
210,DoS/DDoS,DoS/DDoS,DoS/DDoS,False,0.9999999999959999,9.999999999960008e-13,9.999999999960008e-13,0.9999999999959999,9.999999999960008e-13,9.999999999960008e-13
211,Web Attack,Web Attack,Web Attack,False,0.885887164800104,9.999999999990013e-13,0.11019012141367189,0.00023228912487688528,0.0036904246603471206,0.885887164800104
212,Normal,Normal,Normal,False,0.9999999999959999,9.999999999960008e-13,9.999999999960008e-13,9.999999999960008e-13,0.9999999999959999,9.999999999960008e-13
213,Web Attack,Web Attack,unknown,True,0.565820278418843,9.999999999990015e-13,0.3473641365290932,0.0002908395668066431,0.08652474548425716,0.565820278418843
214,DoS/DDoS,DoS/DDoS,DoS/DDoS,False,0.9999999999959999,9.999999999960008e-13,9.999999999960008e-13,0.9999999999959999,9.999999999960008e-13,9.999999999960008e-13
215,DoS/DDoS,DoS/DDoS,DoS/DDoS,False,0.9999999999959999,9.999999999960008e-13,9.999999999960008e-13,0.9999999999959999,9.999999999960008e-13,9.999999999960008e-13
216,DoS/DDoS,DoS/DDoS,DoS/DDoS,False,0.9999999999959999,9.999999999960008e-13,9.999999999960008e-13,0.9999999999959999,9.999999999960008e-13,9.999999999960008e-13
217,Bot,Bot,Bot,False,0.9999999999959996,0.9999999999959996,9.999999999960006e-13,9.999999999960006e-13,9.999999999960006e-13,9.999999999960006e-13
218,Bot,Bot,Bot,False,0.9999999999959996,0.9999999999959996,9.999999999960006e-13,9.999999999960006e-13,9.999999999960006e-13,9.999999999960006e-13
219,Normal,Normal,Normal,False,0.9999999999959999,9.999999999960008e-13,9.999999999960008e-13,9.999999999960008e-13,0.9999999999959999,9.999999999960008e-13
220,Web Attack,Normal,Normal,False,0.5473736821423771,9.999999999990007e-13,0.022684397148655697,0.119210209762978,0.5473736821423771,0.31073171094498936
221,Web Attack,Web Attack,Web Attack,False,0.9466277454016268,9.999999999989993e-13,0.04921530137137537,0.0005997843337342276,0.0035571688922636574,0.9466277454016268
222,Normal,Normal,Normal,False,0.722551263628055,0.0952538003733939,0.0705185257201577,0.09622151533475587,0.722551263628055,0.015454894943637552
223,Bot,Bot,Bot,False,0.9749775990108631,0.9749775990108631,9.999999999979999e-13,0.0003475367671032796,0.02467486422003374,9.999999999979999e-13
224,DoS/DDoS,DoS/DDoS,DoS/DDoS,False,0.9999999999959999,9.999999999960008e-13,9.999999999960008e-13,0.9999999999959999,9.999999999960008e-13,9.999999999960008e-13
225,Brute Force,Brute Force,Brute Force,False,0.9983090456836341,9.999999999970029e-13,0.9983090456836341,9.999999999970029e-13,0.0016909543133659562,9.999999999970029e-13
226,Bot,Bot,Bot,False,0.9999999999959996,0.9999999999959996,9.999999999960006e-13,9.999999999960006e-13,9.999999999960006e-13,9.999999999960006e-13
227,Brute Force,Brute Force,Brute Force,False,0.9999999999959996,9.999999999960006e-13,0.9999999999959996,9.999999999960006e-13,9.999999999960006e-13,9.999999999960006e-13
228,Brute Force,Brute Force,Brute Force,False,0.9293856642414473,0.0024984352569164233,0.9293856642414473,0.0029543732293526507,0.049983949678224615,0.015177577594059199
229,Brute Force,Brute Force,Brute Force,False,0.9870418300913156,9.99999999997002e-13,0.9870418300913156,9.99999999997002e-13,0.012958169905684293,9.99999999997002e-13
230,Normal,Web Attack,Web Attack,False,0.6977768630400419,9.999999999989995e-13,0.03963669083633756,0.002105657400355036,0.26048078872226543,0.6977768630400419
231,Brute Force,Brute Force,Brute Force,False,0.9999999999959996,9.999999999960006e-13,0.9999999999959996,9.999999999960006e-13,9.999999999960006e-13,9.999999999960006e-13
232,Brute Force,Brute Force,Brute Force,False,0.9997487449430954,9.999999999970002e-13,0.9997487449430954,9.999999999970002e-13,0.0002512550539045216,9.999999999970002e-13
233,DoS/DDoS,DoS/DDoS,DoS/DDoS,False,0.9999999999959999,9.999999999960008e-13,9.999999999960008e-13,0.9999999999959999,9.999999999960008e-13,9.999999999960008e-13
234,Web Attack,Web Attack,Web Attack,False,0.9320514979684882,9.999999999990022e-13,0.06406633659747044,0.000231267455203485,0.00365089797783791,0.9320514979684882
235,DoS/DDoS,DoS/DDoS,DoS/DDoS,False,0.9802283166181095,0.0012564342907194848,0.004179392116573178,0.9802283166181095,0.013520660079282758,0.0008151968953150984
236,DoS/DDoS,DoS/DDoS,unknown,True,0.466862600700633,9.999999999990015e-13,0.0791913320026726,0.466862600700633,0.235584918156198,0.21836114913949642
237,Brute Force,Brute Force,Brute Force,False,0.9999999999959996,9.999999999960006e-13,0.9999999999959996,9.999999999960006e-13,9.999999999960006e-13,9.999999999960006e-13
238,Brute Force,Brute Force,Brute Force,False,0.9997487449430954,9.999999999970002e-13,0.9997487449430954,9.999999999970002e-13,0.0002512550539045216,9.999999999970002e-13
239,Brute Force,Brute Force,Brute Force,False,0.9999999999959996,9.999999999960006e-13,0.9999999999959996,9.999999999960006e-13,9.999999999960006e-13,9.999999999960006e-13
240,Brute Force,Brute Force,Brute Force,False,0.9997487449430954,9.999999999970002e-13,0.9997487449430954,9.999999999970002e-13,0.0002512550539045216,9.999999999970002e-13
241,Brute Force,Brute Force,Brute Force,False,0.9999999999959996,9.999999999960006e-13,0.9999999999959996,9.999999999960006e-13,9.999999999960006e-13,9.999999999960006e-13
242,Web Attack,Web Attack,unknown,True,0.4443568364287078,9.999999999989993e-13,0.2900916877035151,0.0037004828325888604,0.26185099303418824,0.4443568364287078
243,Normal,DoS/DDoS,unknown,True,0.6175749655133839,9.999999999989991e-13,0.000519211002982766,0.6175749655133839,0.37784981951994495,0.004056003962688363
244,Normal,DoS/DDoS,unknown,True,0.5053904174711921,0.03436929252821989,0.04407733362391891,0.5053904174711921,0.2885674935787826,0.12759546279788658
245,DoS/DDoS,DoS/DDoS,DoS/DDoS,False,0.9999999999959999,9.999999999960008e-13,9.999999999960008e-13,0.9999999999959999,9.999999999960008e-13,9.999999999960008e-13
246,Normal,Normal,Normal,False,0.8296007628654816,0.05066175199704408,0.01633761290189772,0.08362600947525986,0.8296007628654816,0.019773862760316882
247,Web Attack,Web Attack,Web Attack,False,0.9677005429865712,9.999999999989997e-13,0.028796059560305252,0.00023167782383523813,0.0032717196282882723,0.9677005429865712
248,DoS/DDoS,DoS/DDoS,unknown,True,0.9209789677007187,0.004989973111778339,0.007950682070794525,0.9209789677007187,0.06608037711570837,9.999999999990011e-13
249,Bot,Bot,Bot,False,0.9999999999959996,0.9999999999959996,9.999999999960006e-13,9.999999999960006e-13,9.999999999960006e-13,9.999999999960006e-13
250,Bot,Bot,Bot,False,0.9999999999959996,0.9999999999959996,9.999999999960006e-13,9.999999999960006e-13,9.999999999960006e-13,9.999999999960006e-13
251,DoS/DDoS,DoS/DDoS,DoS/DDoS,False,0.9999999999959999,9.999999999960008e-13,9.999999999960008e-13,0.9999999999959999,9.999999999960008e-13,9.999999999960008e-13
252,Normal,Normal,Normal,False,0.9444782818629583,9.999999999990024e-13,0.01526901023955655,0.026303694365622927,0.9444782818629583,0.013949013530862324
253,Normal,Normal,Normal,False,0.8608810080350316,9.99999999999002e-13,0.07684914551496112,0.0017613829083543628,0.8608810080350316,0.06050846354065293
254,Web Attack,Web Attack,Web Attack,False,0.9653076520828662,9.999999999990017e-13,0.03122810639369956,0.0002241838777409688,0.0032400576446932916,0.9653076520828662
255,Brute Force,Brute Force,Brute Force,False,0.900592557971199,9.999999999990013e-13,0.900592557971199,0.008510771241114963,0.07987328188241513,0.01102338890427115
256,Brute Force,Brute Force,Brute Force,False,0.9987327278434378,9.99999999997002e-13,0.9987327278434378,9.99999999997002e-13,0.001267272153562375,9.99999999997002e-13
257,Brute Force,Brute Force,Brute Force,False,0.9999999999959996,9.999999999960006e-13,0.9999999999959996,9.999999999960006e-13,9.999999999960006e-13,9.999999999960006e-13
258,Web Attack,Web Attack,Web Attack,False,0.950799569320644,9.999999999989997e-13,0.010401334498734297,0.0015863689768798547,0.03721272720274176,0.950799569320644
259,Bot,Bot,Bot,False,0.9776370094526672,0.9776370094526672,9.999999999980005e-13,0.0004222556397690125,0.02194073490556362,9.999999999980005e-13
260,Bot,Bot,Bot,False,0.9981769208864192,0.9981769208864192,9.999999999970019e-13,9.999999999970019e-13,0.0018230791105807356,9.999999999970019e-13
261,Normal,Normal,Normal,False,0.903360510097889,0.0012317065606608682,0.02207485198252935,0.027240736009205787,0.903360510097889,0.04609219534971515
262,DoS/DDoS,DoS/DDoS,DoS/DDoS,False,0.9958536787238239,9.999999999970015e-13,9.999999999970015e-13,0.9958536787238239,0.004146321273176067,9.999999999970015e-13
263,Bot,Bot,Bot,False,0.9999999999959996,0.9999999999959996,9.999999999960006e-13,9.999999999960006e-13,9.999999999960006e-13,9.999999999960006e-13
264,Bot,Bot,Bot,False,0.9999999999959996,0.9999999999959996,9.999999999960006e-13,9.999999999960006e-13,9.999999999960006e-13,9.999999999960006e-13
265,Bot,Bot,Bot,False,0.9815723986364796,0.9815723986364796,9.999999999979999e-13,0.00034754117766047356,0.018080060183859836,9.999999999979999e-13
266,Brute Force,Brute Force,Brute Force,False,0.9963494967947711,9.99999999997002e-13,0.9963494967947711,9.99999999997002e-13,0.003650503202228999,9.99999999997002e-13
267,DoS/DDoS,DoS/DDoS,DoS/DDoS,False,0.9999999999959999,9.999999999960008e-13,9.999999999960008e-13,0.9999999999959999,9.999999999960008e-13,9.999999999960008e-13
268,Web Attack,Web Attack,Web Attack,False,0.9506109392717405,9.999999999990013e-13,0.026840612061081282,0.013569318990452375,0.008979129675725952,0.9506109392717405
269,Brute Force,Brute Force,Brute Force,False,0.9997487449430954,9.999999999970002e-13,0.9997487449430954,9.999999999970002e-13,0.0002512550539045216,9.999999999970002e-13
270,DoS/DDoS,DoS/DDoS,DoS/DDoS,False,0.9999999999959999,9.999999999960008e-13,9.999999999960008e-13,0.9999999999959999,9.999999999960008e-13,9.999999999960008e-13
271,Bot,Bot,Bot,False,0.9999999999959996,0.9999999999959996,9.999999999960006e-13,9.999999999960006e-13,9.999999999960006e-13,9.999999999960006e-13
272,Bot,Bot,Bot,False,0.960389833171105,0.960389833171105,9.999999999980009e-13,0.0003475079210785757,0.03926265890581657,9.999999999980009e-13
273,Web Attack,Web Attack,Web Attack,False,0.9677005429865712,9.999999999989997e-13,0.028796059560305252,0.00023167782383523813,0.0032717196282882723,0.9677005429865712
274,Bot,Bot,Bot,False,0.9719402169188625,0.9719402169188625,9.999999999980013e-13,0.0003475503973519804,0.027712232681785572,9.999999999980013e-13
275,Normal,Normal,Normal,False,0.7386153371567702,0.0048402265463006995,0.032895175646017426,0.22288173184206272,0.7386153371567702,0.0007675288088488379
276,Normal,Normal,Normal,False,0.9993588139075691,9.99999999997001e-13,9.99999999997001e-13,0.0006411860894311691,0.9993588139075691,9.99999999997001e-13
277,DoS/DDoS,Normal,Normal,False,0.5235994841803588,9.999999999990026e-13,0.034087430500780856,0.21767150278725247,0.5235994841803588,0.22464158253060787
278,DoS/DDoS,DoS/DDoS,unknown,True,0.8653759436472344,9.99999999999e-13,0.0008345383889198599,0.8653759436472344,0.11682366059370919,0.016965857369136333
279,Bot,Bot,Bot,False,0.9999999999959996,0.9999999999959996,9.999999999960006e-13,9.999999999960006e-13,9.999999999960006e-13,9.999999999960006e-13
280,Normal,Normal,Normal,False,0.9999999999959999,9.999999999960008e-13,9.999999999960008e-13,9.999999999960008e-13,0.9999999999959999,9.999999999960008e-13
281,Brute Force,Brute Force,Brute Force,False,0.9997487449430954,9.999999999970002e-13,0.9997487449430954,9.999999999970002e-13,0.0002512550539045216,9.999999999970002e-13
282,DoS/DDoS,DoS/DDoS,unknown,True,0.9057647349921153,9.999999999990001e-13,0.002377751023644478,0.9057647349921153,0.05312788799403283,0.038729625989207345
283,Brute Force,Brute Force,Brute Force,False,0.9997487449430954,9.999999999970002e-13,0.9997487449430954,9.999999999970002e-13,0.0002512550539045216,9.999999999970002e-13
284,Web Attack,Web Attack,Web Attack,False,0.9466138327280604,9.999999999990017e-13,0.04902939346955085,0.00030853005450523805,0.00404824374688345,0.9466138327280604
285,DoS/DDoS,DoS/DDoS,DoS/DDoS,False,0.9999999999959999,9.999999999960008e-13,9.999999999960008e-13,0.9999999999959999,9.999999999960008e-13,9.999999999960008e-13
286,Normal,Normal,Normal,False,0.7428675275182497,9.999999999990026e-13,0.18177904291972985,0.0590659029881024,0.7428675275182497,0.016287526572918088
287,DoS/DDoS,DoS/DDoS,DoS/DDoS,False,0.9999999999959999,9.999999999960008e-13,9.999999999960008e-13,0.9999999999959999,9.999999999960008e-13,9.999999999960008e-13
288,Normal,Normal,Normal,False,0.8023125576150599,9.999999999990007e-13,0.02689008186004708,0.005540312584489994,0.8023125576150599,0.16525704793940302
289,Normal,Normal,Normal,False,0.7776617535469936,0.22020057429734316,9.999999999980009e-13,0.002137672153663229,0.7776617535469936,9.999999999980009e-13
290,Brute Force,Brute Force,Brute Force,False,0.5598065618952787,0.030100085657873702,0.5598065618952787,0.015695339911735683,0.33976790544692237,0.05463010708818963
291,Normal,Normal,Normal,False,0.9868256373912855,9.999999999970029e-13,9.999999999970029e-13,0.013174362605714541,0.9868256373912855,9.999999999970029e-13
292,Normal,Normal,Normal,False,0.9999999999959999,9.999999999960008e-13,9.999999999960008e-13,9.999999999960008e-13,0.9999999999959999,9.999999999960008e-13
293,Bot,Bot,Bot,False,0.9624136508235066,0.9624136508235066,9.999999999980005e-13,0.00034750751640212364,0.03723884165809139,9.999999999980005e-13
294,Web Attack,Web Attack,unknown,True,0.42871879392738316,0.024091077126936825,0.03169573696158072,0.23464052901921842,0.280853862964881,0.42871879392738316
295,Brute Force,Brute Force,Brute Force,False,0.9999999999959996,9.999999999960006e-13,0.9999999999959996,9.999999999960006e-13,9.999999999960006e-13,9.999999999960006e-13
296,Bot,Bot,Bot,False,0.9999999999959996,0.9999999999959996,9.999999999960006e-13,9.999999999960006e-13,9.999999999960006e-13,9.999999999960006e-13
297,Brute Force,Brute Force,Brute Force,False,0.9997487449430954,9.999999999970002e-13,0.9997487449430954,9.999999999970002e-13,0.0002512550539045216,9.999999999970002e-13
298,Web Attack,Web Attack,Web Attack,False,0.8168063172076224,9.999999999990007e-13,0.17906270248134662,0.00030880142274033947,0.003822178887290598,0.8168063172076224
299,Normal,Normal,Normal,False,0.9974971944716794,9.999999999970004e-13,9.999999999970004e-13,9.999999999970004e-13,0.9974971944716794,0.0025028055253204294
300,Bot,Bot,Bot,False,0.9997905629791837,0.9997905629791837,9.999999999970025e-13,9.999999999970025e-13,0.00020943701781609136,9.999999999970025e-13
301,Bot,Bot,Bot,False,0.9999999999959996,0.9999999999959996,9.999999999960006e-13,9.999999999960006e-13,9.999999999960006e-13,9.999999999960006e-13
302,Web Attack,Web Attack,Web Attack,False,0.9635707607488742,9.99999999999e-13,0.03271459507598613,0.0002317231127088054,0.0034829210614309197,0.9635707607488742
303,Normal,Normal,Normal,False,0.9999999999959999,9.999999999960008e-13,9.999999999960008e-13,9.999999999960008e-13,0.9999999999959999,9.999999999960008e-13
304,Bot,Bot,Bot,False,0.9997905629791837,0.9997905629791837,9.999999999970025e-13,9.999999999970025e-13,0.00020943701781609136,9.999999999970025e-13
305,Normal,Normal,Normal,False,0.9999999999959999,9.999999999960008e-13,9.999999999960008e-13,9.999999999960008e-13,0.9999999999959999,9.999999999960008e-13
306,DoS/DDoS,DoS/DDoS,DoS/DDoS,False,0.9999999999959999,9.999999999960008e-13,9.999999999960008e-13,0.9999999999959999,9.999999999960008e-13,9.999999999960008e-13
307,Normal,Normal,Normal,False,0.9999999999959999,9.999999999960008e-13,9.999999999960008e-13,9.999999999960008e-13,0.9999999999959999,9.999999999960008e-13
308,DoS/DDoS,DoS/DDoS,DoS/DDoS,False,0.9999999999959999,9.999999999960008e-13,9.999999999960008e-13,0.9999999999959999,9.999999999960008e-13,9.999999999960008e-13
309,Normal,Normal,Normal,False,0.9878200657474686,0.009217001984637293,9.999999999989991e-13,0.001270957749589539,0.9878200657474686,0.001691974517304398
310,DoS/DDoS,DoS/DDoS,DoS/DDoS,False,0.9999999999959999,9.999999999960008e-13,9.999999999960008e-13,0.9999999999959999,9.999999999960008e-13,9.999999999960008e-13
311,DoS/DDoS,DoS/DDoS,DoS/DDoS,False,0.9999999999959999,9.999999999960008e-13,9.999999999960008e-13,0.9999999999959999,9.999999999960008e-13,9.999999999960008e-13
312,Web Attack,Web Attack,Web Attack,False,0.9677005429865712,9.999999999989997e-13,0.028796059560305252,0.00023167782383523813,0.0032717196282882723,0.9677005429865712
313,Brute Force,Brute Force,Brute Force,False,0.999650142462501,9.999999999969996e-13,0.999650142462501,9.999999999969996e-13,0.0003498575344992575,9.999999999969996e-13
314,Bot,Bot,Bot,False,0.9999999999959996,0.9999999999959996,9.999999999960006e-13,9.999999999960006e-13,9.999999999960006e-13,9.999999999960006e-13
315,Normal,Normal,Normal,False,0.6057398972081842,0.07189759942935817,0.30775135227438405,0.0029235124120785493,0.6057398972081842,0.011687638675995113
316,DoS/DDoS,DoS/DDoS,DoS/DDoS,False,0.9999999999959999,9.999999999960008e-13,9.999999999960008e-13,0.9999999999959999,9.999999999960008e-13,9.999999999960008e-13
317,Web Attack,Brute Force,Brute Force,False,0.49346942362692636,9.99999999999002e-13,0.49346942362692636,0.0002908466077085796,0.10044823507674774,0.4057914946876173
318,Web Attack,Web Attack,Web Attack,False,0.9124211239104792,9.999999999990026e-13,0.08389130265755834,0.0002317326107511032,0.0034558408202112188,0.9124211239104792
319,Web Attack,Web Attack,Web Attack,False,0.8206860454955889,9.999999999990007e-13,0.17518023835731947,0.00030887294241814024,0.0038248432036735655,0.8206860454955889
320,DoS/DDoS,DoS/DDoS,unknown,True,0.6632594964979569,0.002364742493450993,0.06433077978783652,0.6632594964979569,0.23977646732926505,0.030268513891490705
321,Bot,Bot,Bot,False,0.9997905629791837,0.9997905629791837,9.999999999970025e-13,9.999999999970025e-13,0.00020943701781609136,9.999999999970025e-13
322,Web Attack,Web Attack,Web Attack,False,0.9605987528354117,9.999999999989995e-13,0.03502432155774756,0.0003086847301883856,0.004068240875652354,0.9605987528354117
323,DoS/DDoS,DoS/DDoS,DoS/DDoS,False,0.9999999999959999,9.999999999960008e-13,9.999999999960008e-13,0.9999999999959999,9.999999999960008e-13,9.999999999960008e-13
324,Web Attack,Web Attack,Web Attack,False,0.9641771188440615,9.99999999999001e-13,0.03208078478533001,0.0002317768697479771,0.0035103194998606017,0.9641771188440615
325,Bot,Bot,Bot,False,0.9999999999959996,0.9999999999959996,9.999999999960006e-13,9.999999999960006e-13,9.999999999960006e-13,9.999999999960006e-13
326,Normal,Normal,Normal,False,0.9777350546859048,0.002358601276576079,0.005174557404185144,0.011212237992451617,0.9777350546859048,0.00351954864088226
327,Bot,Bot,Bot,False,0.9999999999959996,0.9999999999959996,9.999999999960006e-13,9.999999999960006e-13,9.999999999960006e-13,9.999999999960006e-13
328,Web Attack,Web Attack,unknown,True,0.6298944782817582,9.999999999990005e-13,0.06291120384109464,0.10137818036831055,0.20581613750783673,0.6298944782817582
329,Brute Force,Brute Force,Brute Force,False,0.9997487449430954,9.999999999970002e-13,0.9997487449430954,9.999999999970002e-13,0.0002512550539045216,9.999999999970002e-13
330,DoS/DDoS,DoS/DDoS,DoS/DDoS,False,0.9999999999959999,9.999999999960008e-13,9.999999999960008e-13,0.9999999999959999,9.999999999960008e-13,9.999999999960008e-13
331,Bot,Bot,Bot,False,0.9999999999959996,0.9999999999959996,9.999999999960006e-13,9.999999999960006e-13,9.999999999960006e-13,9.999999999960006e-13
332,Brute Force,Brute Force,Brute Force,False,0.9999999999959996,9.999999999960006e-13,0.9999999999959996,9.999999999960006e-13,9.999999999960006e-13,9.999999999960006e-13
333,Normal,Normal,Normal,False,0.9999999999959999,9.999999999960008e-13,9.999999999960008e-13,9.999999999960008e-13,0.9999999999959999,9.999999999960008e-13
334,DoS/DDoS,DoS/DDoS,DoS/DDoS,False,0.9999999999959999,9.999999999960008e-13,9.999999999960008e-13,0.9999999999959999,9.999999999960008e-13,9.999999999960008e-13
335,Normal,Normal,Normal,False,0.990745894930278,9.99999999998002e-13,0.005753282155304043,9.99999999998002e-13,0.990745894930278,0.003500822912418142
336,Bot,Bot,Bot,False,0.9683782056184456,0.9683782056184456,9.999999999980007e-13,0.00034752395053811743,0.031274270429016114,9.999999999980007e-13
337,Bot,Bot,Bot,False,0.9999999999959996,0.9999999999959996,9.999999999960006e-13,9.999999999960006e-13,9.999999999960006e-13,9.999999999960006e-13
338,Normal,Normal,Normal,False,0.646120684304238,0.35349315574970247,9.99999999998002e-13,0.00038615994405948864,0.646120684304238,9.99999999998002e-13
339,Web Attack,Web Attack,Web Attack,False,0.8077893572051033,9.999999999990013e-13,0.1884524679136404,0.00023032307068863387,0.0035278518095677334,0.8077893572051033
340,Bot,Bot,unknown,True,0.9117558037420085,0.9117558037420085,9.99999999998003e-13,0.0002050271469470029,0.08803916910904473,9.99999999998003e-13
341,Bot,Bot,Bot,False,0.9997905629791837,0.9997905629791837,9.999999999970025e-13,9.999999999970025e-13,0.00020943701781609136,9.999999999970025e-13
342,Bot,Bot,Bot,False,0.9997905629791837,0.9997905629791837,9.999999999970025e-13,9.999999999970025e-13,0.00020943701781609136,9.999999999970025e-13
343,Brute Force,Brute Force,Brute Force,False,0.9999999999959996,9.999999999960006e-13,0.9999999999959996,9.999999999960006e-13,9.999999999960006e-13,9.999999999960006e-13
344,Bot,Bot,Bot,False,0.9812115972845734,0.9812115972845734,9.999999999980021e-13,0.00034753906526422724,0.018440863648162234,9.999999999980021e-13
345,Web Attack,Brute Force,Brute Force,False,0.6234780570392934,9.99999999999e-13,0.6234780570392934,0.0003012927843654619,0.019566549148566748,0.3566541010267745
346,Web Attack,Web Attack,Web Attack,False,0.7083405851185138,9.999999999989997e-13,0.28619651256688344,0.0005970355051084111,0.004865866808494198,0.7083405851185138
347,Web Attack,Web Attack,Web Attack,False,0.9576796642064007,9.999999999990005e-13,0.038875454330047104,0.00022351963557694398,0.0032213618269751184,0.9576796642064007
348,Web Attack,Web Attack,Web Attack,False,0.8069687617993823,9.999999999990026e-13,0.18854764105700633,0.0005950297651571498,0.0038885673774543207,0.8069687617993823
349,Brute Force,Brute Force,Brute Force,False,0.9849359444052308,9.999999999989993e-13,0.9849359444052308,0.003154384795612084,0.011055983156681833,0.0008536876414754817
350,DoS/DDoS,DoS/DDoS,unknown,True,0.952891873138065,9.999999999989995e-13,0.0013010178054167335,0.952891873138065,0.026801598043970535,0.019005511011547696
351,DoS/DDoS,DoS/DDoS,DoS/DDoS,False,0.9987863268050859,9.999999999970012e-13,9.999999999970012e-13,0.9987863268050859,0.001213673191914042,9.999999999970012e-13
352,Brute Force,Brute Force,Brute Force,False,0.9997487449430954,9.999999999970002e-13,0.9997487449430954,9.999999999970002e-13,0.0002512550539045216,9.999999999970002e-13
353,Web Attack,Web Attack,Web Attack,False,0.8884741449467328,9.999999999990005e-13,0.10082795550444872,0.0002314867085050543,0.010466412839313438,0.8884741449467328
354,DoS/DDoS,Normal,Normal,False,0.7386531343026312,9.999999999990026e-13,0.07262593124713003,0.10620068962187408,0.7386531343026312,0.08252024482736481
355,Normal,Normal,Normal,False,0.9539948113532646,0.034589914776480546,9.999999999980013e-13,0.011415273868254796,0.9539948113532646,9.999999999980013e-13
356,DoS/DDoS,DoS/DDoS,unknown,True,0.8866314911479768,9.999999999980017e-13,9.999999999980017e-13,0.8866314911479768,0.10735951594078996,0.006008992909233262
357,Web Attack,Web Attack,Web Attack,False,0.8682879667522064,9.999999999989995e-13,0.1281537972002472,0.000229960678500715,0.0033282753680455865,0.8682879667522064
358,Bot,Bot,Bot,False,0.9614889561192218,0.9614889561192218,9.999999999979993e-13,0.009378477087097221,0.029132566791680966,9.999999999979993e-13
359,Brute Force,Brute Force,Brute Force,False,0.9999999999959996,9.999999999960006e-13,0.9999999999959996,9.999999999960006e-13,9.999999999960006e-13,9.999999999960006e-13
360,Normal,Normal,Normal,False,0.9938594540824204,9.999999999979993e-13,0.0007568534956771537,0.005383692419902607,0.9938594540824204,9.999999999979993e-13
361,Normal,Normal,Normal,False,0.9054445753080457,0.004844429094295591,0.02289490601743403,0.028540469631613434,0.9054445753080457,0.03827561994861145
362,Brute Force,Web Attack,Web Attack,False,0.9043398189201219,9.999999999989995e-13,0.08939460127308206,0.0003091428764723592,0.005956436929323613,0.9043398189201219
363,DoS/DDoS,DoS/DDoS,DoS/DDoS,False,0.9933574559623852,9.999999999980021e-13,9.999999999980021e-13,0.9933574559623852,0.004146309366461458,0.0024962346691534106
364,Normal,Normal,Normal,False,0.9815002380956769,0.00492886592256631,0.0025053280974485052,0.007907709393173883,0.9815002380956769,0.0031578584911343605
365,DoS/DDoS,DoS/DDoS,DoS/DDoS,False,0.9932815479213434,0.001672419330606369,9.999999999980003e-13,0.9932815479213434,0.005046032746050223,9.999999999980003e-13
366,Normal,Normal,Normal,False,0.9260868522013085,0.009253872018949161,0.014039043288626193,0.0037478229224523164,0.9260868522013085,0.04687240956866394
367,Brute Force,Brute Force,Brute Force,False,0.9999999999959996,9.999999999960006e-13,0.9999999999959996,9.999999999960006e-13,9.999999999960006e-13,9.999999999960006e-13
368,DoS/DDoS,DoS/DDoS,DoS/DDoS,False,0.9987253822085417,9.99999999997002e-13,9.99999999997002e-13,0.9987253822085417,9.99999999997002e-13,0.0012746177884584281
369,Web Attack,Web Attack,Web Attack,False,0.8280496023532105,9.99999999999e-13,0.11402245077562105,0.022745483244842424,0.03518246362532606,0.8280496023532105
370,DoS/DDoS,DoS/DDoS,DoS/DDoS,False,0.9962602136695416,9.999999999989995e-13,0.00063443183588701,0.9962602136695416,0.0012414646900027956,0.00186388980356867
371,Normal,Normal,Normal,False,0.9505656432243986,9.999999999989993e-13,0.025119876131541468,0.022278792837803072,0.9505656432243986,0.0020356878052567866
372,Bot,Bot,Bot,False,0.9999999999959996,0.9999999999959996,9.999999999960006e-13,9.999999999960006e-13,9.999999999960006e-13,9.999999999960006e-13
373,Normal,Normal,Normal,False,0.950062711193208,9.999999999990001e-13,0.018598721144513754,0.027642374521798598,0.950062711193208,0.0036961931394798833
374,Normal,Normal,Normal,False,0.9999999999959999,9.999999999960008e-13,9.999999999960008e-13,9.999999999960008e-13,0.9999999999959999,9.999999999960008e-13
375,Normal,Normal,Normal,False,0.9999999999959999,9.999999999960008e-13,9.999999999960008e-13,9.999999999960008e-13,0.9999999999959999,9.999999999960008e-13
376,Bot,Bot,Bot,False,0.9815723986364796,0.9815723986364796,9.999999999979999e-13,0.00034754117766047356,0.018080060183859836,9.999999999979999e-13
377,Normal,Normal,Normal,False,0.9004359506417706,9.99999999999001e-13,0.02165940717948692,0.002200285375005699,0.9004359506417706,0.0757043568027369
378,Brute Force,Brute Force,Brute Force,False,0.5381479178445068,9.999999999990003e-13,0.5381479178445068,0.012253806155059449,0.19372620173630123,0.25587207426313247
379,Normal,Normal,Normal,False,0.9590266769813736,0.007500378704816202,0.00127106312039771,0.03220188119241254,0.9590266769813736,9.999999999989995e-13
380,Normal,Normal,Normal,False,0.9999999999959999,9.999999999960008e-13,9.999999999960008e-13,9.999999999960008e-13,0.9999999999959999,9.999999999960008e-13
381,Web Attack,Web Attack,unknown,True,0.4584666348233456,9.99999999999001e-13,0.36053255321534927,0.005562545305164235,0.17543826665514106,0.4584666348233456
382,Web Attack,Web Attack,Web Attack,False,0.8056228326700637,9.999999999990015e-13,0.1857709310996106,0.00030194851659278804,0.008304287712732826,0.8056228326700637
383,DoS/DDoS,DoS/DDoS,DoS/DDoS,False,0.9999999999959999,9.999999999960008e-13,9.999999999960008e-13,0.9999999999959999,9.999999999960008e-13,9.999999999960008e-13
384,Normal,Normal,Normal,False,0.9999999999959999,9.999999999960008e-13,9.999999999960008e-13,9.999999999960008e-13,0.9999999999959999,9.999999999960008e-13
385,Bot,Bot,Bot,False,0.9683101132093438,0.9683101132093438,9.99999999998002e-13,0.00042221858113657113,0.03126766820751944,9.99999999998002e-13
386,DoS/DDoS,DoS/DDoS,unknown,True,0.6370630904094254,0.042522748499564965,0.029773280093846697,0.6370630904094254,0.26946809344211886,0.021172787555044023
387,Brute Force,Brute Force,Brute Force,False,0.9999999999959996,9.999999999960006e-13,0.9999999999959996,9.999999999960006e-13,9.999999999960006e-13,9.999999999960006e-13
388,Web Attack,Web Attack,Web Attack,False,0.8185178624665063,9.999999999989997e-13,0.17182576863291707,0.0002762479095100083,0.009380120990066774,0.8185178624665063
389,Bot,Bot,Bot,False,0.9815723986364796,0.9815723986364796,9.999999999979999e-13,0.00034754117766047356,0.018080060183859836,9.999999999979999e-13
390,Bot,Bot,Bot,False,0.9999999999959996,0.9999999999959996,9.999999999960006e-13,9.999999999960006e-13,9.999999999960006e-13,9.999999999960006e-13
391,Web Attack,Brute Force,Brute Force,False,0.7524094184817908,9.999999999990007e-13,0.7524094184817908,0.00029077990845996385,0.011304083292838774,0.23599571831591049
392,DoS/DDoS,DoS/DDoS,DoS/DDoS,False,0.9999999999959999,9.999999999960008e-13,9.999999999960008e-13,0.9999999999959999,9.999999999960008e-13,9.999999999960008e-13
393,Bot,Bot,Bot,False,0.9678702207005251,0.9678702207005251,0.0020484419541414024,0.001246493242854982,0.028834844101478532,9.999999999990015e-13
394,Bot,Bot,unknown,True,0.8537482840754335,0.8537482840754335,0.002346010023069024,0.008772225314577095,0.1351334805859205,9.999999999989991e-13
395,DoS/DDoS,DoS/DDoS,DoS/DDoS,False,0.9999999999959999,9.999999999960008e-13,9.999999999960008e-13,0.9999999999959999,9.999999999960008e-13,9.999999999960008e-13
396,DoS/DDoS,DoS/DDoS,DoS/DDoS,False,0.9987253822085417,9.99999999997002e-13,9.99999999997002e-13,0.9987253822085417,9.99999999997002e-13,0.0012746177884584281
397,Web Attack,Web Attack,Web Attack,False,0.9641771188440615,9.99999999999001e-13,0.03208078478533001,0.0002317768697479771,0.0035103194998606017,0.9641771188440615
398,Bot,Bot,Bot,False,0.9812115972845734,0.9812115972845734,9.999999999980021e-13,0.00034753906526422724,0.018440863648162234,9.999999999980021e-13
399,Bot,Bot,Bot,False,0.9981769208864192,0.9981769208864192,9.999999999970019e-13,9.999999999970019e-13,0.0018230791105807356,9.999999999970019e-13
400,Brute Force,Web Attack,Web Attack,False,0.9013325108972171,9.99999999999001e-13,0.061297877246766684,0.0011966404986638263,0.03617297135635235,0.9013325108972171
401,Web Attack,Web Attack,Web Attack,False,0.9620868868140343,9.999999999990007e-13,0.03445171063038622,0.00022388329359356802,0.003237519260985963,0.9620868868140343
402,Web Attack,Web Attack,Web Attack,False,0.8876337566765781,9.99999999999e-13,0.10862066977166022,0.00023042199935847417,0.0035151515514032384,0.8876337566765781
403,Normal,Normal,Normal,False,0.9999999999959999,9.999999999960008e-13,9.999999999960008e-13,9.999999999960008e-13,0.9999999999959999,9.999999999960008e-13
404,Bot,Bot,unknown,True,0.7652444903430143,0.7652444903430143,0.0030491064767637264,0.02677541465425169,0.20493098852497033,9.99999999999001e-13
405,Bot,Bot,Bot,False,0.9997905629791837,0.9997905629791837,9.999999999970025e-13,9.999999999970025e-13,0.00020943701781609136,9.999999999970025e-13
406,DoS/DDoS,DoS/DDoS,unknown,True,0.9694944602283558,9.999999999990017e-13,0.0015776062447532993,0.9694944602283558,0.007677606384436323,0.0212503271414543
407,Normal,Normal,Normal,False,0.9979307574607567,9.999999999970008e-13,9.999999999970008e-13,0.0020692425362433373,0.9979307574607567,9.999999999970008e-13
408,Web Attack,Web Attack,Web Attack,False,0.9023617579213751,9.99999999999002e-13,0.08915960696527182,0.000391970460517775,0.008086664651835324,0.9023617579213751
409,DoS/DDoS,DoS/DDoS,DoS/DDoS,False,0.9999999999959999,9.999999999960008e-13,9.999999999960008e-13,0.9999999999959999,9.999999999960008e-13,9.999999999960008e-13
410,Brute Force,Web Attack,Web Attack,False,0.9429439617089486,9.999999999990013e-13,0.0534841352092265,0.00023163221097982514,0.003340270869845059,0.9429439617089486
411,Bot,Bot,Bot,False,0.9789956802341209,0.9789956802341209,9.999999999980009e-13,0.0004222766028208509,0.020582043161058345,9.999999999980009e-13
412,Brute Force,Brute Force,Brute Force,False,0.9994674141248369,9.999999999970012e-13,0.9994674141248369,9.999999999970012e-13,0.0005325858721631514,9.999999999970012e-13
413,Brute Force,Brute Force,Brute Force,False,0.9999999999959996,9.999999999960006e-13,0.9999999999959996,9.999999999960006e-13,9.999999999960006e-13,9.999999999960006e-13
414,Brute Force,Brute Force,Brute Force,False,0.9999999999959996,9.999999999960006e-13,0.9999999999959996,9.999999999960006e-13,9.999999999960006e-13,9.999999999960006e-13
415,Normal,Normal,Normal,False,0.9999999999959999,9.999999999960008e-13,9.999999999960008e-13,9.999999999960008e-13,0.9999999999959999,9.999999999960008e-13
416,Web Attack,Web Attack,Web Attack,False,0.9652578376933515,9.99999999999001e-13,0.028757184758658287,0.0005275818452769647,0.0054573957017132494,0.9652578376933515
417,Brute Force,Brute Force,Brute Force,False,0.8188259123745043,9.999999999990028e-13,0.8188259123745043,0.0015648079788353792,0.10276736002625446,0.07684191961940581
418,Normal,Normal,Normal,False,0.8441898778329843,0.0006317158943207926,0.02835802402777465,0.03136005086211563,0.8441898778329843,0.09546033138280477
419,Bot,Bot,Bot,False,0.9997905629791837,0.9997905629791837,9.999999999970025e-13,9.999999999970025e-13,0.00020943701781609136,9.999999999970025e-13
420,Normal,Normal,Normal,False,0.9999999999959999,9.999999999960008e-13,9.999999999960008e-13,9.999999999960008e-13,0.9999999999959999,9.999999999960008e-13
421,Web Attack,Web Attack,Web Attack,False,0.9477761759070777,9.999999999990005e-13,0.04852793846114063,0.00023092582518638606,0.0034649598055953206,0.9477761759070777
422,Brute Force,Brute Force,Brute Force,False,0.9999999999959996,9.999999999960006e-13,0.9999999999959996,9.999999999960006e-13,9.999999999960006e-13,9.999999999960006e-13
423,Normal,Normal,Normal,False,0.8579674709677967,9.99999999999001e-13,0.07944519959652033,0.0009411572311111054,0.8579674709677967,0.06164617220357179
424,Web Attack,Web Attack,Web Attack,False,0.9430551462979291,9.999999999990007e-13,0.05151773705639128,0.0005992992173491904,0.004827817427330405,0.9430551462979291
425,Bot,Bot,Bot,False,0.9815723986364796,0.9815723986364796,9.999999999979999e-13,0.00034754117766047356,0.018080060183859836,9.999999999979999e-13
426,Normal,Normal,Normal,False,0.9999999999959999,9.999999999960008e-13,9.999999999960008e-13,9.999999999960008e-13,0.9999999999959999,9.999999999960008e-13
427,Bot,Bot,Bot,False,0.9997905629791837,0.9997905629791837,9.999999999970025e-13,9.999999999970025e-13,0.00020943701781609136,9.999999999970025e-13
428,Brute Force,Brute Force,Brute Force,False,0.9999999999959996,9.999999999960006e-13,0.9999999999959996,9.999999999960006e-13,9.999999999960006e-13,9.999999999960006e-13
429,Normal,Normal,Normal,False,0.9987070682611745,0.0009826939480181624,0.00031023778880737927,9.999999999980007e-13,0.9987070682611745,9.999999999980007e-13
430,Brute Force,Brute Force,Brute Force,False,0.9999999999959996,9.999999999960006e-13,0.9999999999959996,9.999999999960006e-13,9.999999999960006e-13,9.999999999960006e-13
431,Web Attack,Web Attack,Web Attack,False,0.9262845418360542,9.999999999990013e-13,0.07032528245299903,0.00022392455530816836,0.0031662511546384996,0.9262845418360542
432,DoS/DDoS,DoS/DDoS,DoS/DDoS,False,0.9999999999959999,9.999999999960008e-13,9.999999999960008e-13,0.9999999999959999,9.999999999960008e-13,9.999999999960008e-13
433,DoS/DDoS,DoS/DDoS,DoS/DDoS,False,0.9999999999959999,9.999999999960008e-13,9.999999999960008e-13,0.9999999999959999,9.999999999960008e-13,9.999999999960008e-13
434,DoS/DDoS,DoS/DDoS,DoS/DDoS,False,0.9999999999959999,9.999999999960008e-13,9.999999999960008e-13,0.9999999999959999,9.999999999960008e-13,9.999999999960008e-13
435,Normal,Normal,Normal,False,0.9999999999959999,9.999999999960008e-13,9.999999999960008e-13,9.999999999960008e-13,0.9999999999959999,9.999999999960008e-13
436,Web Attack,Web Attack,Web Attack,False,0.9641771188440615,9.99999999999001e-13,0.03208078478533001,0.0002317768697479771,0.0035103194998606017,0.9641771188440615
437,Normal,Normal,Normal,False,0.9999999999959999,9.999999999960008e-13,9.999999999960008e-13,9.999999999960008e-13,0.9999999999959999,9.999999999960008e-13
438,Web Attack,Web Attack,Web Attack,False,0.9677005429865712,9.999999999989997e-13,0.028796059560305252,0.00023167782383523813,0.0032717196282882723,0.9677005429865712
439,Bot,Bot,Bot,False,0.9999999999959996,0.9999999999959996,9.999999999960006e-13,9.999999999960006e-13,9.999999999960006e-13,9.999999999960006e-13
440,Web Attack,Web Attack,Web Attack,False,0.9651162310493236,9.999999999990028e-13,0.03141984543311052,0.0002241480959721396,0.003239775420593746,0.9651162310493236
441,Brute Force,Brute Force,Brute Force,False,0.8555334903677281,9.999999999990011e-13,0.8555334903677281,0.010213786846345106,0.11781194805864391,0.016440774726283035
442,Brute Force,Brute Force,Brute Force,False,0.9995557450524255,9.99999999997002e-13,0.9995557450524255,9.99999999997002e-13,0.00044425494457431605,9.99999999997002e-13
443,Normal,Normal,Normal,False,0.9801719107978889,0.0019100116514627293,9.999999999979999e-13,0.017918077548648416,0.9801719107978889,9.999999999979999e-13
444,Normal,Normal,Normal,False,0.9999999999959999,9.999999999960008e-13,9.999999999960008e-13,9.999999999960008e-13,0.9999999999959999,9.999999999960008e-13
445,DoS/DDoS,DoS/DDoS,DoS/DDoS,False,0.9964632480447603,0.0025011029875534486,9.999999999980023e-13,0.9964632480447603,0.0010356489656861575,9.999999999980023e-13
446,DoS/DDoS,DoS/DDoS,DoS/DDoS,False,0.9916975407312185,9.999999999980013e-13,9.999999999980013e-13,0.9916975407312185,0.004109558875232218,0.004192900391549326
447,Web Attack,Web Attack,Web Attack,False,0.9529166715609587,9.99999999999e-13,0.04353083449795338,0.00023067627164322495,0.0033218176684446242,0.9529166715609587
448,Brute Force,Web Attack,unknown,True,0.4722024993498619,9.999999999990026e-13,0.2814222057810356,0.006229835503194721,0.24014545936490772,0.4722024993498619
449,Bot,Bot,Bot,False,0.9801936383323934,0.9801936383323934,9.999999999980021e-13,0.00042226542108621604,0.019384096244520282,9.999999999980021e-13
450,DoS/DDoS,DoS/DDoS,DoS/DDoS,False,0.9983887173132657,9.99999999997e-13,9.99999999997e-13,0.9983887173132657,9.99999999997e-13,0.0016112826837341267
451,Web Attack,Web Attack,Web Attack,False,0.8662996743105401,9.999999999990003e-13,0.007582751661038925,0.011039788419672162,0.11507778560774877,0.8662996743105401
452,Normal,Normal,Normal,False,0.9941319589546942,9.999999999970004e-13,9.999999999970004e-13,0.005868041042305817,0.9941319589546942,9.999999999970004e-13
453,Bot,Bot,unknown,True,0.7288558766530434,0.7288558766530434,9.999999999980027e-13,0.0004983202669223722,0.2706458030780343,9.999999999980027e-13
454,Web Attack,Web Attack,Web Attack,False,0.9651162310493236,9.999999999990028e-13,0.03141984543311052,0.0002241480959721396,0.003239775420593746,0.9651162310493236
455,Normal,Normal,Normal,False,0.9999999999959999,9.999999999960008e-13,9.999999999960008e-13,9.999999999960008e-13,0.9999999999959999,9.999999999960008e-13
456,Bot,Bot,Bot,False,0.968464277103431,0.968464277103431,9.999999999980009e-13,0.00042220449081928384,0.03111351840374989,9.999999999980009e-13
457,Brute Force,Brute Force,Brute Force,False,0.9999999999959996,9.999999999960006e-13,0.9999999999959996,9.999999999960006e-13,9.999999999960006e-13,9.999999999960006e-13
458,Normal,Normal,Normal,False,0.9855061327740775,9.999999999989997e-13,0.004514974738381977,0.004975811942672136,0.9855061327740775,0.005003080543868378
459,DoS/DDoS,DoS/DDoS,unknown,True,0.823938635392643,9.99999999999e-13,0.005627657866049657,0.823938635392643,0.15796091169373055,0.012472795046576925
460,Normal,Normal,Normal,False,0.9443797914153903,9.999999999990013e-13,0.015167936312735492,0.0153430608170066,0.9443797914153903,0.025109211453867634
461,Bot,Bot,Bot,False,0.9733774074883653,0.9733774074883653,9.999999999980005e-13,0.0003475466342499083,0.02627504587538455,9.999999999980005e-13
462,Brute Force,Web Attack,Web Attack,False,0.8803268860996449,9.999999999990011e-13,0.11634757758009844,0.00022321731927929265,0.003102318999977409,0.8803268860996449
463,Web Attack,Web Attack,Web Attack,False,0.9364026214357576,9.999999999990005e-13,0.06005185228128747,0.00022985158856459316,0.003315674693390435,0.9364026214357576
464,Web Attack,Web Attack,Web Attack,False,0.7825578430254282,9.999999999990007e-13,0.20956928046832546,0.00023033894750832366,0.007642537557738057,0.7825578430254282
465,Normal,Normal,Normal,False,0.8368397070653149,9.999999999990003e-13,0.04449939714730085,0.04246852133989453,0.8368397070653149,0.07619237444648987
466,DoS/DDoS,DoS/DDoS,DoS/DDoS,False,0.9999999999959999,9.999999999960008e-13,9.999999999960008e-13,0.9999999999959999,9.999999999960008e-13,9.999999999960008e-13
467,Bot,Bot,Bot,False,0.9486021824253799,0.9486021824253799,0.0008332193845996444,0.0008115775983891753,0.04661645415228277,0.003136566439348616
468,Bot,Bot,Bot,False,0.9815723986364796,0.9815723986364796,9.999999999979999e-13,0.00034754117766047356,0.018080060183859836,9.999999999979999e-13
469,Web Attack,Web Attack,Web Attack,False,0.9893335692103552,9.999999999970004e-13,9.999999999970004e-13,9.999999999970004e-13,0.01066643078664477,0.9893335692103552
470,Bot,Bot,Bot,False,0.9999999999959996,0.9999999999959996,9.999999999960006e-13,9.999999999960006e-13,9.999999999960006e-13,9.999999999960006e-13
471,Brute Force,Brute Force,Brute Force,False,0.9999999999959996,9.999999999960006e-13,0.9999999999959996,9.999999999960006e-13,9.999999999960006e-13,9.999999999960006e-13
472,Normal,Normal,Normal,False,0.6319928500205568,0.3013605510504444,0.01119973191439073,0.04924354159540965,0.6319928500205568,0.006203325419198413
473,DoS/DDoS,DoS/DDoS,unknown,True,0.860281174962717,9.999999999990005e-13,0.008812468517095395,0.860281174962717,0.07629090989353789,0.05461544662564958
474,Web Attack,Web Attack,unknown,True,0.5783041291654786,9.999999999990015e-13,0.4161605404688887,0.0004616737033454058,0.005073656661287336,0.5783041291654786
475,Brute Force,Brute Force,Brute Force,False,0.9999999999959996,9.999999999960006e-13,0.9999999999959996,9.999999999960006e-13,9.999999999960006e-13,9.999999999960006e-13
476,Brute Force,Brute Force,Brute Force,False,0.9997487449430954,9.999999999970002e-13,0.9997487449430954,9.999999999970002e-13,0.0002512550539045216,9.999999999970002e-13
477,Bot,Bot,Bot,False,0.9999999999959996,0.9999999999959996,9.999999999960006e-13,9.999999999960006e-13,9.999999999960006e-13,9.999999999960006e-13
478,Web Attack,Web Attack,unknown,True,0.6301719828324286,0.0024841563552637546,0.09069767969314366,0.007043632887233023,0.269602548231931,0.6301719828324286
479,Brute Force,Brute Force,Brute Force,False,0.9999999999959996,9.999999999960006e-13,0.9999999999959996,9.999999999960006e-13,9.999999999960006e-13,9.999999999960006e-13
480,Normal,Normal,Normal,False,0.6259219195580166,0.37298012684885057,9.999999999980027e-13,0.0010979535911329462,0.6259219195580166,9.999999999980027e-13
481,Web Attack,Web Attack,Web Attack,False,0.9648160727222828,9.999999999990013e-13,0.03146888720469571,0.00023175577203316406,0.003483284299988211,0.9648160727222828
482,Brute Force,Brute Force,Brute Force,False,0.9999999999959996,9.999999999960006e-13,0.9999999999959996,9.999999999960006e-13,9.999999999960006e-13,9.999999999960006e-13
483,DoS/DDoS,DoS/DDoS,unknown,True,0.892712305587998,0.003740411298134338,0.0006355648852518096,0.892712305587998,0.10169813362920119,0.0012135845994146767
484,Bot,Bot,Bot,False,0.9788975763204115,0.9788975763204115,9.99999999998001e-13,0.000422259517362884,0.020680164160225643,9.99999999998001e-13
485,Normal,Normal,Normal,False,0.8196410086304434,0.04704476452869222,0.02309836709656738,0.0025189169108867726,0.8196410086304434,0.10769694283341022
486,Normal,Normal,Normal,False,0.9818854295022287,0.00599191313005079,0.001959811652022335,0.009262104400679391,0.9818854295022287,0.0009007413150187797
487,Bot,Bot,Bot,False,0.9674905342217324,0.9674905342217324,9.99999999999001e-13,0.002448796658302863,0.026723730605826043,0.003336938513138709
488,Normal,Normal,Normal,False,0.9999999999959999,9.999999999960008e-13,9.999999999960008e-13,9.999999999960008e-13,0.9999999999959999,9.999999999960008e-13
489,Bot,Bot,Bot,False,0.9787357403710264,0.9787357403710264,9.999999999980025e-13,0.00034752999321011415,0.020916729633763703,9.999999999980025e-13
490,Normal,Normal,Normal,False,0.99876943540425,0.0012305645927500326,9.99999999997e-13,9.99999999997e-13,0.99876943540425,9.99999999997e-13
491,Brute Force,Brute Force,Brute Force,False,0.9999999999959996,9.999999999960006e-13,0.9999999999959996,9.999999999960006e-13,9.999999999960006e-13,9.999999999960006e-13
492,DoS/DDoS,DoS/DDoS,DoS/DDoS,False,0.9999999999959999,9.999999999960008e-13,9.999999999960008e-13,0.9999999999959999,9.999999999960008e-13,9.999999999960008e-13
493,Web Attack,Web Attack,Web Attack,False,0.9362402054581994,9.999999999990003e-13,0.05585875028057438,0.00030890995571386667,0.007592134304512377,0.9362402054581994
494,DoS/DDoS,DoS/DDoS,unknown,True,0.8869035748985346,9.999999999990003e-13,0.007270607184154402,0.8869035748985346,0.016050002575493286,0.0897758153408176
495,Brute Force,Web Attack,Web Attack,False,0.9595797853313385,9.999999999989995e-13,0.03516379413251496,0.0003086123271359928,0.004947808208010611,0.9595797853313385
496,Bot,Bot,Bot,False,0.9997905629791837,0.9997905629791837,9.999999999970025e-13,9.999999999970025e-13,0.00020943701781609136,9.999999999970025e-13
497,DoS/DDoS,DoS/DDoS,DoS/DDoS,False,0.9987066863542857,9.999999999969998e-13,9.999999999969998e-13,0.9987066863542857,0.0012933136427143866,9.999999999969998e-13
498,Brute Force,Brute Force,Brute Force,False,0.9999999999959996,9.999999999960006e-13,0.9999999999959996,9.999999999960006e-13,9.999999999960006e-13,9.999999999960006e-13
499,Bot,Bot,Bot,False,0.974676888929468,0.974676888929468,9.99999999997002e-13,9.99999999997002e-13,0.025323111067531805,9.99999999997002e-13
500,Normal,Normal,Normal,False,0.9991553821369284,9.999999999969998e-13,9.999999999969998e-13,0.0008446178600717458,0.9991553821369284,9.999999999969998e-13
501,Brute Force,Brute Force,Brute Force,False,0.9999999999959996,9.999999999960006e-13,0.9999999999959996,9.999999999960006e-13,9.999999999960006e-13,9.999999999960006e-13
502,Web Attack,Web Attack,Web Attack,False,0.9556521872422149,9.99999999999001e-13,0.04088621863305493,0.00022385689718578,0.0032377372265442934,0.9556521872422149
503,Web Attack,Web Attack,unknown,True,0.46909982675300876,9.999999999990013e-13,0.43660454884320565,0.0002909670332189105,0.09400465736956673,0.46909982675300876
504,Normal,Normal,Normal,False,0.9999999999959999,9.999999999960008e-13,9.999999999960008e-13,9.999999999960008e-13,0.9999999999959999,9.999999999960008e-13
